id,outputs
a0bcea59,"['144328315.93417865', '-2340226.667669695', '424592.04056673124', '-743943.1165925987', '-3229120.9198957616']"
d90f8e29,"['83649.39638329572', '76526.58343770652', '27198.20409231033', '53620.959005029305', '91629.42839403222']"
43ec5c10,"['-68479660.82215975', '-2216101.782742441', '-143604.0941223462', '-542787.7825871096', '11938473.26202123']"
630d99b1,"[0, 0, 0, 0, 0]"
67aa0855,"[0, 0, 0, 0, 0]"
4c37ccc4,"['-447160.2106713744', '-366710.29198294214', '-7494.747514854771', '-415211.5212224736', '-14451.374514140007']"
072d5b93,"[0, 0, 0, 0, 0]"
e07b533b,"[0, 0, 0, 0, 0]"
b2d7f3af,"['229.2659537215062', '54.60808508584027', '70.04978683113883', '139.60607519630278', '234.34506431157493']"
be0d9e96,"['0.0167357219643875', '-1.585105710007449-0.5878238360909607j', '-0.969074745326191', '3.19060400992265e-5', '-1.68477437323181']"
d9081d2f,"['16.107540280534764', '11.67060082257179', '11.571649385288993', '8.563559263821102', '77.16276429784413']"
e66149ee,"['267', '267', '267', '267', '267']"
42212206,"['7844.76436216145', '-0.185545993365730', '-0.184385594262030', '-0.155600389058171', '319101.802509321']"
d8c05964,"['-137589.86097959976', '154459.5205570519', '100844.01342949823', '-120129.95081878777', '-591425.1854261338']"
643fea3c,"['55297.14656209058', '88.80381178170394', '-782.2229538362548', '30.279094267154388', '209.93328628248187']"
882f9ae9,"['9.433115599317645', '7.670712002498641', '3.3853909184982083', '3.53213082036297', '6.985086175996477']"
2cd82552,"['-1966.0377802847179', '-16241.553221069484', '-14370.889929202438', '-13024.153925957798', '-11378.700363965034']"
9d5b1163,"['8651.612863454871', '42222.63695164329', '24732.922077340365', '7369.187981520715', '14234.299887820856']"
0522a32b,"['1.8304540921079855', '1.574885186054802', '2.068718381327825', '2.8478588409352352', '2.403299741922251']"
be340056,"['-2621.6184818545785', '-3891.8044598056686', '50107.979628384324', '148016.47418489272', '278746.7544616248']"
853ff956,"['871120.967439986', '-1001089.7081291757-407992.35129946517j', '3026952.70124710', '4483188.717854898+1886584.7212667097j', '-1972989.4437992803-760555.1636398948j']"
4581a6da,"['-1.46409926178795', '-1.4659952644315-0.016831386709549756j', '-1.46162229703839', '-1.46432948416885', '-1.46255554513563']"
cdcaefcf,"['-2940', '-961', '-736', '1311', '-2245']"
2ceb5edf,"['-5420.769513522892', '-5920.382429333344', '-8925.447284924689', '-7324.905057342303', '-6907.577851259262']"
66b9e2a4,"['-38', '-23', '-32', '-22', '-3']"
ce0467b1,"['-0.013028351771023582', '-7.49701119622328e-07', '-0.00018892415536745274', '-10.017015488226303', '-12.458139620210469']"
166c2f9f,"['-6635', '-7558', '-7330', '-7353', '-7625']"
94bf7c79,"[0, 0, 0, 0, 0]"
40df670c,"['-1875.489561473721', '-8383.481791681434', '-299.04607881499874', '-8.845184282937218', '-11.984275387666043']"
a1ba9e3b,"[0, 0, 0, 0, 0]"
1653b922,"['342.3793209905011', '252.76579636140718', '439.6682613703586', '-4128.736596968929', '221.69493100640028']"
daee6433,"['-4828.738233903871', '-5764.581464863337', '-6688.875962346143', '-6468.4325503961845', '-6063.584557307114']"
924d3d6e,"['32470.098804986817+11312.313731767392j', '35229.88557062762+13664.081067018755j', '23479.5700151783', '46780.56997382864+19624.342775780016j', '1541.46298590573']"
ecacf48f,"['0.9989341383367637', '0.9992098112464133', '0.9918801725398917', '0.9240838875863122', '0.9986107624854359']"
cabdcb71,"['-88.9324719555903', '-26.107575255252602', '28.611090741328432', '66.37068162307614', '0.04822525563515967']"
48dfb313,"[0, 0, 0, 0, 0]"
f9375620,"['0.6636899069110146-0.22522962649771025j', '6.38986486682144e-05-7.86675187891633e-10j', '2.0456018891882062e-05-1.0926031656595543e-10j', '0.04944015071478916-0.01774926776626777j', '0.120857389414106']"
5129198b,"['106137', '106149', '106220', '106163', '91576']"
d4495ba5,"[0, 0, 0, 0, 0]"
579802aa,"['-167.85427716325094', '-135.09297347002752', '-5.814691705468178', '-46.56418106311592', '54.1865510170388']"
0bb8a8ce,"[0, 0, 0, 0, 0]"
9d7e3cfb,"[0, 0, 0, 0, 0]"
4203d401,"['14225.3851981403', '13795.1778404760', '18141.9446424861', '17681.1132824985', '17325.5691610043']"
91d245e1,"['-9025.190778877966', '8995.338934509113', '658299791.6220691', '-9158.54852499506', '-9056.772390872975']"
2c07e4ba,"['262.885998370613', '439.7337891010706', '-31.540751517085653', '-194.5212825993915', '-54.89832329740778']"
5e0e8fdf,"['-74.80833426121833', '3.8978587344115163', '-4.7509788016904935', '4.627236849262509', '5.241085287877166']"
cc565262,"['-2223.934856605921-8125.062360979229j', '-213246.77414325497-8125.062360979229j', '-27824.9654289962-8125.062360979229j', '45616.42385332285-8125.062360979229j', '337962.379390027']"
6e66ac0c,"['0.3873586451843442', '0.17354564732894218', '0.4420207128797634', '0.11751618303259456', '0.02571864014472211']"
1a81da5f,"[0, 0, 0, 0, 0]"
f69c1c6a,"['13117.763669409791', '13088.913697354279', '15915.845316730078', '15728.60540946121', '15253.416494557503']"
755e1173,"['-80280.79733596365', '699305.3816682087', '-284186.84080929466', '-1660.091737847115', '-159081.26666757397']"
2b96629a,"['4.488157572689552', '4.494021109545936', '5.197795583199304', '5.245275914522306', '4.793867717534782']"
892d82d2,"['-64006384.8345893', '-66254861.5973462', '-69327442.0839602', '75262179.65038374+25926321.11309222j', '-201332271.01914614-67815240.54568197j']"
9f417ed2,"['97.10915103747311', '95.60247476021996', '39.452479457575095', '-41.03837142952841', '127318661.23328415']"
92c44588,"[0, 0, 0, 0, 0]"
aa000088,"[0, 0, 0, 0, 0]"
023b469a,"['1049', '-1091', '-881', '8839', '3939']"
610ff513,"['-1.0565405371121308', '187.46614866605876', '37.337005354021926', '52793.23362411733', '171.11256488695958']"
46849e8c,"['777.9966173759732', '7158.559666347215', '2363.7343048213957', '795.3770899101639', '2045.7219274861754']"
ae95f456,"['50661.64710675411', '42822.66489940393', '91617.21218489716', '21695.067335277672', '40869.74775761751']"
5d3a7b47,"['-3540.0533831528332', '511474665.9999359', '-2.8133307210175042e+32', '72349.8687064934', '-1884.0831220834484']"
5fde67ce,"['3.01827237518675', '2.82748941178818', '2.27453277636675', '-10.9849596751362', '2.79957994569479']"
d2663707,"['-4.62990772633770e-9', '7.80062799370634e-7', '-2.17390069283596e-05+7.6125323062432175e-06j', '-1.955131138473359e-06+8.213620646735638e-07j', '-3.730872767713841e-06+1.5396640164306904e-06j']"
57b3b6b1,"['11.450513896423834', '6.615113825828848', '10.846359330667466', '9.08320214739187', '8.960498029352546']"
91380afe,"['-12.052433615174998', '-2.595345249504866', '22.46417199737002', '37.52997751321634', '30.73186197251399']"
3bfecd30,"['826', '7', '399', '7', '7']"
604fee20,"['-976.712183300277', '-43.50947696440234', '-20.622876549228444', '348829.66475471307', '-564.4547091689268']"
69bdd511,"['221.8128895385577', '-296.3821751841313', '292.31164837274093', '244.238952977477', '-351.5226895201182']"
2f0f032f,"['2699.7757533745707', '-11484.139375499626', '-16948088.48611177', '15364.268216549544', '1023.7711617737589']"
ea7615da,"['1767.0756402673871', '-218315.8977990915', '546495.045841518', '1978.1726513244744', '-258686.07893910876']"
97434130,"['-20.0008956119761', '-331.717047077339', '-189.157108506488', '-466.116436500867', '-375.822844181081']"
18814370,"['3.4915118780885104', '74.50844051851898', '402.8885179530065', '274.70346339875306', '625.3064294414532']"
002b76f6,"[0, 0, 0, 0, 0]"
207b0108,"['1028.725102078536', '908.6001605669389', '1590.8689373164352', '959.9113334881496', '571.1417322563033']"
69a10088,"['4287.192039236861', '16646.122102068493', '744442.1959179186', '404785.2841794639', '201518.78725149363']"
eed3bfe8,"['-54', '-59', '-46', '-43', '-14']"
ee867313,"['41', '27', '-32', '-15', '12']"
3fa17750,"['19972.215503863103', '-0.4610733648686427', '40951.41067341541', '61.87819880080538', '5616.822480418339']"
a173f36e,"[0, 0, 0, 0, 0]"
67442abf,"['0.0', '-0.0', '-0.0', '0.0', '-0.0']"
1e13307f,"['-1613', '1923', '1618', '-1371', '-62']"
561aa03d,"['16082', '21426', '15927', '22370', '19543']"
febc7c8b,"[0, 0, 0, 0, 0]"
9c8f3397,"[0, 0, 0, 0, 0]"
f158ef1c,"['-6188078.104853796', '-811595.4936049017', '-31181.78033225501', '-4892355.853429238', '-524124.34468558506']"
ca3eeda0,"['-41377.58051785629', '-136669.67945103557', '106729.98946238327', '223.18045583430364', '60092.05803002765']"
4d240ebc,"['4161808.7272703396-535376.8242466272j', '-771208.980453634', '-1747915.3119795742-122548.54174482348j', '2103759.95450446', '-7216755.82470862-463837.65421587054j']"
0c07a2ff,"['11.7690786225557', '1971.04553434221', '19206.0189998402', '8.56866196847578', '1154.13589248797']"
b4cabe4b,"[0, 0, 0, 0, 0]"
2954d0fe,"['257.980943317579', '11553.8802899253', '93.1986237635340', '302.878821562072', '30.1665344686760']"
a07115a6,"['-0.012422499079789585', '-2.644013507399272e-13', '-0.020011402775504505', '-0.0019191033074779636', '-0.020530405110383003']"
b8530024,"['30528.02055149007', '27191.166437211312', '30559.602054565003', '30887.303978793334', '29005.426026183188']"
8973fd28,"[0, 0, 0, 0, 0]"
99950a36,"['-367175.4840833947', '44684.23045696093', '-92660.76752930153', '21706.940823768193', '1190.9906655938487']"
6b778c54,"['-46.7584600822352', '-1088.37251753517', '1.11168500595528e+77', '-8.77479912851014e+78', '6.94343469001972e+66']"
7c0f1aa8,"['-166391.65587280015', '114444.84374257691', '-76371.67871857194', '111208.64606178166', '-28338.059203774']"
151902f8,"['40.64767585890106', '83.78504229383732', '46.53243483333365', '58.08757145113131', '30.376454025465364']"
dd6997bc,"['2266.07972176355', '4226.28363771185', '4431.70939730068', '4512.58800965664', '3147.5959384532975+3505.7797427167575j']"
a6e133e0,"['1.835973657559381', '3.429360682570052', '5.397016712656959', '6.971779251850712', '0.38310895571674136']"
ea1bcb18,"['148.79893549350908', '164.41202042667965', '123.4661938398177', '73.95611977264142', '434.6402949751011']"
2713b5e0,"['1000.0818079338126', '3088.3611091132684', '187.88091877529033', '39.60400804382283', '-7.374952103711493']"
8f92795c,"['-6.390814170842582e-05', '-0.35266028496215623', '-5.516418068258513', '-0.004766184069739467', '0.05738803056566356']"
816f69c7,"['10135.157522255722', '8711.656739383365', '25765.78270824876', '6018.272812254645', '16750.85114747991']"
fdea8b51,"['95.30675747704417', '160.12314039446977', '138.0668713911918', '14.223181725907155', '125.72122707311354']"
a0a51cee,"['1.34961471027183', '3.15096284459687', '3.16025508019830', '2.01830444549078', '2.99372673542996']"
b4b9d738,"['-11898.544730687592', '112057.09832884009', '-9568.41005855139', '-9954.873527393196', '-8570.660531306397']"
5928d622,"['1433.8399992958036', '0.0021096949483854883', '0.00020351014447058573', '9.84889820827658', '0.00022734762459098478']"
f198b9df,"['-106', '-130', '-136', '-116', '-152']"
301fa777,"['0.2418784104013944', '0.2758446280648006', '0.2764741686914329', '0.2459680610296212', '0.2867726127888351']"
d0dc9ff4,"['74.58625894843246', '73.3912386443589', '-29.736089228002818', '75.95234257232342', '-11.40026038303345']"
4b4cff13,"[0, 0, 0, 0, 0]"
b82bbd27,"['-0.025478990471506244', '-0.019067756878746362', '-0.02381992101974544', '-0.019733660694333667', '-0.029967464355040878']"
694f6679,"[0, 0, 0, 0, 0]"
bb776d5f,"['-1.820365321045556', '7.389096487326468', '1.2118926262863592', '10.185310332460805', '-5.694203518667697']"
d4245f04,"[0, 0, 0, 0, 0]"
aee2d5c2,"['14.020496131842705', '14.02935620438165', '14.104253844293208', '14.037976833253673', '14.01815938948032']"
2d22f95f,"[0, 0, 0, 0, 0]"
3e2226c7,"['87665.85903255429', '-108703.57298723623', '51032.170189149474', '-4928.050465112804', '-10786.228442254931']"
b8fb1f07,"['-639660.590289057', '-1545390.5045478512', '-2490882.646750712', '13770371.247897036', '-6332617.024981864']"
fc588c18,"['837.8456404603708', '1.3498983455503444', '504.300078502466', '454.0366656214578', '13.282383229330899']"
7de822c8,"['3.12843357286217e+201731', '-2.85710349707714e-9461', '2.84532404999660e-51251', '-7063370.15767848', '3.89767323280029e+70']"
7c1b4ec4,"[0, 0, 0, 0, 0]"
ca8ddbb4,"['-1045444.90830283', '-94337.6685299270', '-619709.683229273', '-1364888.2669742433-442762.7373705915j', '-1100223.22468472']"
0ccd01a5,"['580324.510260051', '180438.89381036724', '104757.36122558944', '164166.4177518077', '156852.31611074408']"
1372b6dd,"['13.67072943852074', '56.30329984632245', '148.5898470842017', '27.22569249970788', '89.56572383695915']"
dd66592f,"['93.27673182735208', '-6452.375069950068', '-14467.947397290473', '2673.590306812104', '-50.33867882098961']"
6d2f93d8,"[0, 0, 0, 0, 0]"
c7ee30bd,"['-134.42655387386887', '164.48584611251428', '-44.8800606956664', '-3754.692701364309', '3.818968746521106']"
c1714542,"['-65', '-48', '-74', '-45', '-86']"
3de0cf9a,"['2.613109390662023', '17.859505153084747', '-4.826188916019886', '74.01384866842956', '-6.8677045149522264']"
e11efe0b,"['-inf', '-5.78650620616799e-13', '-0.0', '-0.0', 'inf']"
00487041,"[0, 0, 0, 0, 0]"
8d5f27e7,"['29.10735648449338', '10.815851460177774', '-58.364508072457696', '13.808751761463714', '64.30468050186077']"
3703a1d9,"['-62.3700715332358', '-68.2700282432755', '-47.7439916450251', '-107.085982427879', '-134.264394551090']"
0b853428,"['40243986.432039924', '-526.9157482793617', '4344.736152638523', '16362.172238595049', '4775.478906188538']"
480c40be,"['-78', '-98', '-72', '-52', '-100']"
3da5a04b,"['32980.056174070545', '74238.28082019262', '14719.728206974358', '12779.956804366035', '42500.9212585698']"
594c7627,"['15.224732521306288', '29.83590250541905', '36.76618088041747', '55.38473183749784', '0.14703266024565978']"
0e2f0d29,"['0.4939919151887084', '-0.7983629117595669', '0.2909450936071963', '-0.1882594734697134', '-3.5607589601128287']"
546275df,"['5815.487927426394', '4669.148845848627', '3178.097587590991', '906.2294173068881', '2730.5941609699644']"
2c7d67f7,"[0, 0, 0, 0, 0]"
75da7d2a,"['-609.401759528228', '-90.0787961349921', '-61.4696599531459', '-1079.98904300267', '43598.7663321159']"
43d9e1f7,"['-2.680104758690362', '-44.71972501554728', '62.85135498657064', '78.02391803019916', '60.891273191693486']"
243640bf,"[0, 0, 0, 0, 0]"
b9937b68,"['-693.055498198514', '136939.05358991597', '226717.20106658665', '-30706.272269789133', '-6.1881098326983']"
d8dd9eee,"['3169.605722749674', '66115.95912174426', '53520.84698035461', '7085.302772030485', '44696.69310843408']"
7f467b03,"['4.5173403044911895', '-1.1372434210920908', '29.947408898231483', '4.926206997995139', '2.3168124192974']"
11a19ded,"['-5550.3894925735685', '-5593.545719377057', '-5308.61246976966', '-5557.651158734122', '-5369.079714658216']"
c39d9a64,"['-5.72688319300664', '-62.132329628300354+18.84955592153876j', '-51.3499425016507', '-11.0262847223002', '-81.0597373795052']"
93913ab8,"['-15950.969401628321', '24734.198008051364', '22597.106131780125', '51756.7048722678', '5424.619937681457']"
d575362c,"['-1696.1745048154007', '-1723.0214021118668', '-1699.3229613393792', '-1740.9077734067548', '-1720.9187532108742']"
de74febc,"['-1433', '-1441', '-1558', '-1433', '-1718']"
3cf64e37,"['3764', '3799', '3764', '3806', '3806']"
c6fb3d98,"['14549.063507870782', '19243.506640043557', '19224.39575322422', '15699.446789227759', '19046.662541571506']"
987e8784,"['-13260.217993355418', '-18199.769942066134', '1882.2107931406717', '-17198.99834135639', '-8997.410985490285']"
cff574ac,"[0, 0, 0, 0, 0]"
d138e31b,"['-2479.482912104935', '-3167.0174691294883', '-673.5312592761237', '1510.0548520227685', '-3030.4292453896232']"
5e75c808,"['7.41173622737484', '3.8898474831885075', '7.98034316543677', '0.8075013414659113', '7.186198615343594']"
c120ded0,"['1873.2431828325555', '648.9986583050937', '1723.7026336734493', '0.4778532520116201', '973.2589117494502']"
e237233c,"['66799.56757404242', '106584.25454731937', '113481.15412095137', '53857.928294114026', '65786.913362701']"
3e1f154d,"['0.6723843942310127', '0.6283711203666839', '0.8221363000176819', '1.030428032751663', '0.546640994521758']"
402ac1d3,"['-4.0452545055594', '0.0009127452170936165', '-0.07501914276372058', '-0.32691181315798895', '2.8132355067126094']"
48e01514,"['20208.12851355343', '20514.04437444173', '18614.15724875245', '19739.07309915874', '19211.997581036445']"
43329c72,"['0.8735568575939632', '0.9047594703109607', '0.6643226266279256', '0.6939372329867846', '0.18112370174725023']"
8104bda5,"['92602.13963283748', '56803.0648939612', '279737.75891833345', '-774276.2594020896', '16258.733831077403']"
c2b7f048,"['0.6967225512903856', '0.22680205408232904', '-0.01842923863239081', '-0.008544277417165947', '-6089.356173214957']"
f8375b88,"['-105017.84791908665', 0, '54550.01723430764', 0, 0]"
bd3d1802,"['2161', '2161', '2131', '2081', '2161']"
6c60fb97,"['6.469632523633017', '5.256733486231305', '12.274593942602529', '5.250002457693531', '12.967926995225262']"
31affe89,"['2.686280475152327', '3.544801002161018', '1.975303688967432', '3.4813358493800712', '3.499159583850444']"
3302bcfb,"['2', '2', '2', '2', '8']"
966146cc,"['9403.00000000000', '9171.00000000000', '9106.00000000000', '9530.00000000000', '9061.00000000000']"
359ac2fc,"[0, 0, 0, 0, 0]"
f1f54692,"['-14273.613229120549', '-3605.463947673686', '64120.548034008', '21926.752697447897', '12175.370434342993']"
37d15643,"['95', '97', '82', '53', '63']"
a5a1684a,"['4039.728890631871', '-1599322484.1176631', '-54068732.85480756', '-6.161695012050029', '-48374.29061683532']"
1d2ff241,"['8.68647194252810e+46', '-3.96631211302707e-229', '-4.49965160241129e-28', '-2.68339942711037e-123', '-5.52916232204579e+75']"
8624072f,"['-2433.0598470756336', '19004.57893705619', '10045.528759769146', '171.5913155262209', '-44.673259407168665']"
4d54bfa1,"['8983.845218965878', '9920.075163586545', '2676.0404968456887', '9221.84526964916', '8154.255107046651']"
ba0f44bf,"['1.3614380541968072', '0.9199368147572611', '1.4141983378397023', '7.2409721125334645', '3.8121142904771443']"
359c9f6e,"['-1.0716322800695055', '0.6833250384358064', '-1.0504315000493976', '-0.678448731384915', '2.7056756448759853']"
1ff0395c,"['1.3927981497950613e-05', '1.1629280320340085e-06', '0.00017965791944570838', '-1.2166815068438606e-06', '-4.254221559614992e-05']"
6b44414d,"['5.789016143657876e-06', '0.008534440936799982', '-1.1063501992965668e-06', '0.004141154428868644', '-0.0015820683832544786']"
50e812f6,"['1.995266066323829', '2.358779700710598', '2.421319164442814', '1.92680194481001', '1.2891762199578927']"
c5082a6c,"['420.07092709140755', '1335.9838016702201', '1709.0078095694566', '64.12256710278028', '4034.8915634812356']"
0ad9e070,"[0, 0, 0, 0, 0]"
4bb2e6ce,"['111310.58012963204', '139961445.2347093', '158992642.79138857', '44900643360.73343', '-10698301.53789343']"
20a7460c,"['117498.13057583888', '1136049773.3738613', '124.15296833792763', '27.203869907664455', '20.574225258603256']"
acbf65f3,"['2792.9527097043147', '17.955745429235357', '27.98507819352238', '7.00015280387828', '1692.2490857630246']"
c9db51b2,"['-0.00133487300349521', '-0.00271816220730021', '-0.01643696317317274+0.001424489519937425j', '-0.01297435029460659+0.0009628448932919388j', '0.13080759193657238+0.011831460251244992j']"
01260e96,"['13.5941355768240', '108.152241640379', '26.8622602074914', '249.389283032414', '57.5708631588716']"
caa9d74b,"['-189.34352463194207', '343.8824909203992', '3761.48818487932', '-2748.433603646756', '-597.6878381650538']"
5bd1c1aa,"['0.6033430524001019', '0.6027289878377584', '0.5457799427147749', '0.6661405473686274', '0.5427080374825217']"
e148e85d,"['73.33102764789872', '181.4145668434433', '184.65015316040456', '103.0226324488993', '160.19702459952455']"
bfe652a0,"['6868.45457364143', '76.6246662220609', '12129.6495355884', '817.242861327472', '482.483699162799']"
f23ddebd,"[0, 0, 0, 0, 0]"
1d9dd8db,"['237759.53717208284', '-70807.37470116564', '418781.4390185311', '-277458.9810966036', '-707727.5374339259']"
5736af11,"['-2838.626043073098', '-1777.4022458479026', '2780.8599206080844', '-3746.2325966944213', '-2423.1032502084736']"
88fe8969,"['-8.414587026778776', '1.993587713735661', '-3.5626934749253936', '2.130207521071699', '1.0479373423435514']"
60ac2eb7,"['0.42671542140355423', '0.5134153854304232', '0.4172252871205878', '0.7982097654725294', '0.5844701648398591']"
8999dd86,"[0, 0, 0, 0, 0]"
705edd69,"['0.7004607619390114', '0.6977991704155344', '0.7095775693289975', '0.7019040105955536', '0.6997523954264444']"
1d486035,"['40887344.918371', '-43612729.025748275', '-24162341.674855243', '-154094361.41641414', '-285153441.77822423']"
3ecbc133,"['18925.5721943645', '28935.7857255397', '39125.0377033560', '14678.8691249803', '28185.8918141689']"
a7535c54,"['4.9711508607617825', '1.3725189409182557', '2.1394073934920037', '4.96759848859131', '3.3766441980858244']"
02f7e483,"['-1061.4258052276052', '-938.1700048435824', '-91.20558557919173', '148.40513985643588', '-1389.6049330568817']"
ff2d046b,"['1667', '5422', '6494', '3718', '4353']"
9dd8eccd,"['-1227553.7174665784', '-84170696737.21332', '237416.1181431819', '-21070.47390660438', '20217.638781459355']"
9dfe1cf7,"[0, 0, 0, 0, 0]"
3c8e011d,"['2393.2408277746217', '-9488.040225535551', '941.9726262903051', '6137.4121465994085', '4815.619545809442']"
14dcf9e8,"['-510.1545117794874', '-2326.486664242611', '-2284.3330057663243', '-2131.0852156197698', '-4847.8278131274']"
2b6b682d,"[0, 0, 0, 0, 0]"
e2580903,"['1.8382390959527215e+19', '-1.112356596128399e+16', '-295918707696032.94', '2.0666373012273414', '5.617963837379565e+18']"
9b6f2554,"[0, 0, 0, 0, 0]"
8c2cf4e0,"[0, 0, 0, 0, 0]"
095d2d5c,"['4208.168419313743', '7.111830760836776', '-33922.77519459586', '131.78803062457763', '0.6732431345046415']"
b7239817,"[0, 0, 0, 0, 0]"
58984108,"[0, 0, 0, 0, 0]"
ad445c5a,"['-510.35035950180094', '173656060.05713347', '-677.1156638458056', '445876.1631059616', '354468910.2134988']"
850f9f8b,"['37.07324604311841', '80.08677409432939', '78.02909332852383', '105.02197703046895', '67.90948935285766']"
6141c7ca,"['13.284929425387318', '6.992068239094019', '59.99220967527429', '49.66873711193051', '37.824380835825586']"
b7d7b4df,"['31803.912898766037', '-2001.5033916437708', '179446.53228716325', '-43165.76782152973', '-43117.01916478051']"
dd0d4298,"['1.0123606480032918', '1.0068889677133297', '1.037589239804926', '1.006161159294622', '1.0086860361301415']"
5f8c0e2a,"['-496.2588072229408-13.398318861778213j', '-304.262413071372-27.73019669113869j', '-5.815654390638896+20.62968414799939j', '-457.826164863490', '-2588.66875166917']"
b8a87309,"['0.7890979404019218', '0.6079604235392951', '0.6447233361562776', '0.6214684300358354', '0.6215418268214594']"
06b19a2f,"['32527053776.9380', '5109822825598.427+3522.2527564229745j', '422605082.6513272+3522.2527564229745j', '958007246233.0278+3522.2527564229745j', '-566582.10364179+3522.2527564229745j']"
0930bf60,"['35840.18537739922', '23885.0109183504', '52200.57566340621', '25619.042871486636', '7294.911128144228']"
400cf62e,"['132', '124', '100', '124', '84']"
2f5e18d1,"['-535466.2550444098', '-37596.66418104265', '371735.24014234164', '41328.518653148676', '79402.62161974533']"
a6dff358,"['11655.304335669367', '-4186.358136849206', '42281.41221168512', '34907.224763923834', '-24579.2883101975']"
5c8cb221,"['-35043.799405938356', '-8.807741635498019', '-420040.657190287', '-271990.25207807845', '1317.204347943815']"
e7783f5b,"['27.643533922631214', '-5.770318964566268', '75.19565151308984', '23.669638109591013', '-41.71876262415553']"
f9747d4f,"['29.566114002286042', '2900.008302573542', '1956.9856863887667', '790383.1794612585', '717538.3275665409']"
38d46b00,"['13111.315604113286', '15049.420649704798', '13616.260682734188', '14372.359485912586', '14079.153681072734']"
b7572ac0,"['-10.840748982205001', '-0.8589045568383621', '-0.13685952070997856', '2.83907753488503e-06', '9.922124962838275e-06']"
795e1210,"['0.3800513464128219', '31.860136906346632', '17.311717159527664', '17.05409122637331', '-43.513457233544635']"
d804308e,"['-95', '-123', '-110', '-104', '-73']"
1dcb3039,"['123.47335941348786', '-3801.8133348558226', '95.88503030658632', '168.3863219097789', '226.8341596398147']"
c6186e24,"[0, 0, 0, 0, 0]"
cc932633,"['-2466.378104076689', '-2391.465666383764', '-3075.3577520296662', '-3210.499301362675', '-2754.6631684300496']"
2da862d0,"['768', '942', '942', '3373', '6279']"
30db08d9,"[0, 0, 0, 0, 0]"
1ab6881b,"[0, 0, 0, 0, 0]"
ec44d23e,"['9.893667532691085', '8.83493400571039', '10.243543399304073', '5.413030940928632', '-4.996942785283041']"
5fa1463a,"['-14342', '-61506', '-65012', '35782', '-498685']"
8892611b,"['-6278.518220793448', '-15184.017598185648', '-3122.949824668973', '-11930.003423153603', '20530.042383531832']"
f3ec7f9c,"['819.918067263921', '13122.0430903244', '54.975993780971976+54.1151194193119j', '-29910.458718638503-23145.953070745505j', '78.91778416091049+42.597686865246516j']"
7de3099b,"['96.4539741237643', '96.1111252004527', '47.6809016739665', '40.9586388995764', '126.780121489626']"
15e966d3,"[0, 0, 0, 0, 0]"
fa87362e,"['33819.39221276879', '9763.483604697356', '15450.457461209704', '3550.607058045663', '13145.497696093022']"
5bcd4a47,"['98.43736653639243', '-451.67670407850744', '-26.521202116313333', '115.52792852831645', '23.468089454403312']"
7c7426bd,"[0, 0, 0, 0, 0]"
81821446,"[0, 0, 0, 0, 0]"
12c2e0ac,"['5553255.060198821', '3801140.8494069986', '2900098.7986889523', '1230345.2698285114', '169861.2180005272']"
3813c6a7,"[0, 0, 0, 0, 0]"
d972057a,"['-1509194.605459011', '0.9647076214134215', '-5.988965450905934', '-3112.264196472368', '61.12850643449864']"
3dd9ebde,"['36853', '36838', '36853', '36868', '36873']"
24fec030,"['-7432.6174179686495', '-8325.172736665892', '-3440.613513040023', '-9824.985598483501', '-7971.879993747587']"
77a2aecd,"['2721177.093369313', '820029.4123729621', '1662940.7831622052', '5453057.172121547', '3118.409752221936']"
c2d641cd,"['46490.47109990119', '87782.33112058333', '1320.0045309152179', '2015300.6587749976', '18.872358172389262']"
3156debe,"['0.00025805216714311515', '0.0018997248630605833', '0.00017136716138336288', '4.57281015794872e-05', '3.100405039560327e-05']"
6b91313d,"['0.9240547339793717', '3.5157726891675094', '0.9852383388446587', '-2.2815699116857746', '-36.25686553762744']"
2459dd58,"['-3131.9438544818163', '1131.976638089609', '77833090.59116028', '1333166050.911418', '35290.28205864768']"
d4ba3885,"['8.459939913939543', '198.9259177743923', '-48574.43677932048', '-78526.7600884287', '-34.073753606816304']"
1adc7673,"['8.03968721489325', '90.7645425438031', '11997.3603346335', '1907.37215153806', '34.7344493623241']"
30cb2880,"['-408.84907098220145', '11.97703380028955', '7.754249105848006', '13.817973355618197', '21.357281637561403']"
621d1e9d,"[0, 0, 0, 0, 0]"
212ac506,"['86522.484410735', '535.070672729035', '3288.283380630338', '11270.913950797167', '505.2422655924861']"
8f60980c,"['-94', '-88', '-90', '-88', '-94']"
c5dcc455,"['-1977.11319904240', '-7842.75698034796', '7242.00565936823', '-7963.69551928656', '-734.094525276017']"
64922d1f,"[0, 0, 0, 0, 0]"
84238241,"['6111.8982615952145', '0.002894254148615363', '15.570971813401005', '-3.561092016671534e-05', '0.3217731000858976']"
75ca6c37,"['0.7645216340233338', '0.8948455262893112', '0.7648051545839649', '0.7488447377305584', '0.7340899154806763']"
7b75d8e7,"['nan', '-17528.709713766304', 'nan', 'nan', 'nan']"
e1ada6ed,"['-4488.999999997399', '-3405.633328043859', '-4488.999999573532', '63343717.87058546', '762849580.6371992']"
f351dcfe,"['6.231445412691142', '5.550082356484788', '2.124055094458273', '3.684409627519337', '1.179878827935629']"
0c76579c,"['-1655835.7693063875', '-37279.43407877473', '17078.48367792128', '42544.369097338364', '-2932.9105460225273']"
940b05d6,"[0, 0, 0, 0, 0]"
7b50bc0d,"['5.5291871157021575', '4125.703969483089', '10046.988836609029', '-550.7689964947222', '23233.41827778471']"
7c6d765f,"[0, 0, 0, 0, 0]"
1aa66abe,"['13.218747713665369', '291.58916847206774', '158.8758667964307', '143.54965476296323', '8.287385693716104']"
19105e42,"['-1560497.7119062108+5385.450045429675j', '1656961.98515392', '-1256900.45875172', '-1476776.0206037231+5385.450045429675j', '133464.4860737861+5385.450045429675j']"
fdb1a854,"['2535.84242925569', '432.324358623689', '2112.12063838784', '27.8097985695940', '1391.76607648318']"
ff0db7d9,"['12.0', '14.0', '13.0', '7.0', '13.0']"
88d0428f,"[0, 0, 0, 0, 0]"
bdb2e05b,"['-3011.881230241675', '4386.569666486992', '-5654.486996426178', '2478956314.2861066', '-145.76566330195033']"
d5db489f,"['-27187640.67175018', '-6764021249.14108', '-6400088.022758494', '-26467031.886192817', '-20100472.618864253']"
b163adcf,"[0, 0, 0, 0, 0]"
8d3b1b19,"['-34565295626.20279-15228002405.760843j', '101111359.982410', '202373144.851489', '144702039.9777076+45939728.1861546j', '-712796188.413787']"
b538a603,"['8.208488256361765', '2.540154701750326', '4.016416212978132', '4.787695635188791', '3.9500183750436806']"
ef7607ed,"['106252', '106291', '106233', '106283', '106261']"
9ed15e68,"['35480.77257131051', '8322.0771346592', '38053.99577083885', '38156.22493844801', '23935.05960337008']"
8f251ea6,"['-0.1956829688790755', '-0.3338484947248962', '0.06544668397750428', '-0.022245809511396795', '-3.033166951360333']"
cb2623b6,"['78259', '29588', '75752', '29300', '68126']"
2d9f9062,"['12.808241626619287', '59.07395841760321', '-4.274414003688747', '3.031160890145808', '-9.844098032100955']"
739df731,"['347705.9416612898', '382039.3540147873', '135864.02756351177', '131844.48227561032', '374304.4939003947']"
6af57d9d,"['-30444.981329458795', '-47322.37190880179', '-101196.83816476064', '-118711.37137196785', '-101141.57591811905']"
da02fb5c,"['9715.060368006192', '11405.028664551755', '9543.791207313976', '11488.368336650135', '11367.384978734612']"
de7dbcf8,"[0, 0, 0, 0, 0]"
baa0b21c,"['33.920111943505745', '49.441246095483', '53177.23410165891', '41.26662443217997', '10.147237729188053']"
bc5a5f35,"[0, 0, 0, 0, 0]"
f92964eb,"['-27393.426249704953', 0, 0, 0, 0]"
d564e43f,"[0, 0, 0, 0, 0]"
f8ab4c7b,"['5.598813530905008e-05', '2.515863322333099e-05', '-1.5843543870073134e-05', '-9.897297446433113e-07', '-5.784343690001719e-05']"
adace600,"['1.0373975773559474', '1.1413371275695219', '1.1674691240277313', '0.9521580529111493', '1.1131626147098421']"
26ffdc73,"['84.287324622762', '459.78913464677356', '294.00971580643017', '523.9549532690165', '401.5378356699611']"
e5164ed1,"['54.16028179521177', '43.04059456549503', '42.05231497430713', '7.860266650318575e+22', '41.998620849641824']"
3e3926df,"[0, 0, 0, 0, 0]"
1d65c676,"['6.523439792928877', '11.794345676332732', '10.125192497429557', '4.247692373486606', '8.698397026471275']"
31f96e70,"['125070.12332777132', '244160.4275460082', '6215.912335376784', '2935.4143628374914', '2946.719930936316']"
3f197c6b,"['27208.295640557877', '24985.501473943015', '26325.87427582593', '26595.153590507973', '26568.415555773197']"
a5434592,"['277.29468640000033', '34474.94047059744', '908.3468757240857', '833.6616129132159', '19.42175789869814']"
2cbca267,"['5.0200968770519765', '3.7446664892821246', '-0.3968392521476005', '-0.9343356162012366', '17.41068941230285']"
81149b85,"['607638.6344398783', '509985.47632472013', '106948.10096485965', '134671.6206161188', '465772.7973961381']"
f507e8f4,"['-10088.7506365844', '-20387.1417954614', '-116308.247503177', '-226746.446137812', '107276.871007506']"
1cafca1f,"['4.65416539515885', '4.974232899644459', '4.323833996530965', '3.095437839808063', '2.0186631256336263']"
e47b2a52,"['-175788.32208692865-69698.26658139366j', '-65596.8918993979', '-37546.60778213844-13125.660103406944j', '-4520.900098590148-1618.5321845222463j', '-52519.2768475277']"
cdfa304e,"['7.360798023859744', '17.10328565219962', '8.134611197170205', '18.120674706489964', '14.733720205506254']"
f182dd01,"['-32771.8690892851', '10496315.1096513', '352211.613672741', '-5458860.24060800', '11369919.3432559']"
be4b3382,"['10.292093310742581', '13.910778111504191', '8.622306338947116', '16.09253447702346', '18.48028064864566']"
1a5a57e3,"['-60', '-71', '-85', '-88', '-64']"
9dc92d0d,"['0.265683409177589', '1.5685907547158896e-06', '0.265683409177589', '6.839562546183993e-32', '6.820119227419213e-13']"
6d39df63,"['9107.651140066862+4161.776533389272j', '7558.707182571469+4161.776533389272j', '9219.012945493952+4161.776533389272j', '10644.1475144480', '10219.391633377321+4161.776533389272j']"
50257c22,"['5062.31848789536', '5863.92853727469', '2344.08811461136', '4065.19517045877', '492.022480761434']"
f2fce065,"['-8532', '-6348', '-6093', '-8519', '-8116']"
66b8f60a,"['90.01776761528863', '23.298032952048295', '69.11153660282586', '19.206217439677584', '23.02951703763454']"
93a428f8,"['2335.9787695127397', '-2992.3466234904527', '76608.60827449334', '-1747.5132120781577', '-67.01604898793094']"
2d3fea7f,"[0, 0, 0, 0, 0]"
76ef902f,"['4071.51284450998', '14584.4400731118', '990.111610797862', '2053.60947923376', '13348.1524621564']"
a260d401,"['-0.06736011012105653', '0.0011432143451011333', '-0.10814209120488666', '-0.2742207262675375', '0.052159840690444305']"
a075d4b8,"['-2.8794743293633305', '4.993921971962774', '0.9931415954625772', '4.83389952866745', '-1.2776337401766957']"
2323f3a7,"[0, 0, 0, 0, 0]"
2cf9e1dd,"['0.9207062487117977', '0.9666651510858612', '0.977149589995874', '0.9469526738750437', '0.8987753406162481']"
9e4dcf85,"['1652.0080657558874', '1533.3072721344408', '921.3586007062306', '1525.7004895860682', '1486.0559443254942']"
9dedf82c,"['615.1266150955887', '2.490939516999311', '781.3477010800676', '3438.5316060121427', '2133.737873768997']"
fdcf2967,"['68346.29114264733', '33576.80297315283', '120207.93047984004', '687228.3579666854', '228443.85996014002']"
6bc721a1,"['540.48792499151', '-355.17224148974935', '-185.41004814209245', '-602.2738384010894', '135.19133356907778']"
a40dffe2,"['-2.296804949853624', '886857.0297114464', '278.10053929634864', '104.25530197402925', '39652.15476302208']"
aed7a95f,"['7415.013081465663', '97262.36544040278', '30803.189792838464', '29566.159208945504', '19179.327101976138']"
05f2a6d7,"['-33.845133051086016', '-359.25253135089855', '-215.04410684389205', '30.60762909384465', '724.0416709242793']"
e83d63b8,"['8243.58775047743', '84373.4623385009', '77478.7364032156', '76051.1747041643', '67948.6206924245']"
f9d723e3,"[0, 0, 0, 0, 0]"
893d72aa,"['158100653.69259986', '-1262.8758155649143', '-3968.3368585317025', '-4375.549028741468', '-2234.761342905423']"
03db312b,"['296763.0696603316', '3349509.9645118713', '4814560.895514685', '39664.89488415391', '2688678.690057964']"
06a92210,"[0, 0, 0, 0, 0]"
9b4cf756,"['60.88235959289078', '262.8425024307328', '69.42988154310149', '67.73830898680252', '652.2247111470189']"
23a8e7d2,"['8543260764.035383', '9903844844.870096', '1068794515.4369688', '157150976.6477198', '539927429.6301583']"
24c30e66,"['7.131959065267852', '2.520763650281246', '8.496851771647973', '7.011154479912849', '0.44086131671388923']"
938551ab,"['3505.149918125988', '2620.217800400798', '-16.711303954597714', '0.9680160741085584', '-24.87603301082874']"
db2a18f7,"['11105444', '11104604', '-6451', '11111104246', '-7649']"
482c0443,"['nan', 'nan', '101199.95897716978', '183552.2628149226', '113181.01295705825']"
1092ce99,"['inf', 'inf', 'inf', 'inf', '-4.4950426116941515e+23']"
19cbf708,"['157.56835240927447', '403709609.79022515', '-364.7990372316439', '1794.2061205816872', '509.531906428475']"
463a7f56,"['-4284', '-3861', '-3864', '-4236', '-3804']"
4293659a,"['-5739.948176952847', '39044.92416142314', '403741.2813082414', '-290016.0915866484', '-80062.84033507621']"
a769b0f1,"['4.336599653265734', '34.391208092212025', '48.81809469609482', '7.96505023483516', '2.44493358950238']"
ac175712,"['-62.85179610514252', '-16.65476907480351', '-175.19894750021453', '27.78478419284565', '-109.34028092347795']"
6fde0e4a,"['14.088634040076105', '5.6458211930164905', '7.636439500983832', '4.5472849858864155', '8.942132191823033']"
1265586e,"['4481.756726550582', '5125.220961800762', '4334.8332922784775', '5155.922290621222', '5160.36408371944']"
4d55f890,"[0, 0, 0, 0, 0]"
1b348ce7,"['0.36770844299863625', '1.111572604539757', '0.39741431583331616', '0.3888392216523285', '0.4561087856062723']"
82d1f363,"['3750.4643771794135', '8238.938364116326', '4091.427818550427', '14104.949493047296', '2352.0998025935423']"
7aecc01d,"['-828.285061349475', '12007.8631324408', '875.678528261935', '-1109.80555338162', '2.80092465828870']"
8aebb563,"['-1018.0979309972649', '3049.090149171326', '1450.3963642874303', '5136.995923653035', '-101.15521257535343']"
2d1c9825,"['-258.79750099301214', '-1675.845990818516', '-469.00985369869795', '-1084.277974865208', '9776.70855311333']"
4277b764,"['6.583898129930912', '7.1737934690492935', '8.296750215278125', '6.490537921586883', '9.355464850683052']"
45e91b70,"['26.41039013108137', '60.883130497515914', '-83.26325131860436', '19.27366590816815', '-77.06970499368936']"
58c61958,"['-65.08456707227192', '90.90051706294429', '75.45807330097273', '-1.712253281177506', '-48.77132985576955']"
c0b437a2,"['-542.2545709448799', '-573.1288729803243', '201493.153078577', '16045508.081441717', '-542.3027679387505']"
179c0acd,"['17545.94532727142', '15037.227264772406', '17446.727146278216', '14264.828436499622', '17803.973631653564']"
c486142d,"['-4097.937272306422', '-4387.483488643125', '1730.898989619628', '-5784.439445493328', '1311.0182722454201']"
7d3847af,"['132.0', '-206.0', '12.0', '319.0', '-117.0']"
f7b439ef,"['8.974676442321807e-05', '0.7004329228967693', '0.034210637905548694', '0.040784344301199406', '0.0006814136042861147']"
922297eb,"['0.8365080377350372', '0.8582565293636246', '0.855192336865541', '0.8983769345981854', '0.8168734069979119']"
da9584de,"['-24.01458614696874', '1.2811768881550312', '7.133922918463545', '0.9435759307374024', '1.2178074172277131']"
47bc23b0,"['10', '17', '15', '13', '8']"
063e6809,"['0.511679405554898', '-37.6691243195807', '-3.72560528889467', '-23.6858286962272', '-28.8169182990898']"
5a368984,"['-553', '6810', '-1139', '2794', '-1587']"
cd3c813a,"['66655.71242324098', '66598.17634643042', '66858.62731012824', '66515.26069973898', '66426.68427119323']"
aa02bda8,"['-897.6926914330959', '-99.56983116902349', '586.8755635823618', '-623.5508170909912', '653.1651218784979']"
f4b2048b,"['12744.942054205352', '30544.72470264608', '28864.265186168028', '71465.98901549463', '-6223.838952027375']"
29dd2123,"[0, 0, 0, 0, 0]"
2d1cd975,"[0, 0, 0, 0, 0]"
3ae82e99,"['2.5690757471905563', '10.359052880119076', '7.108518386801811', '13.086185653412919', '9.607313818220645']"
e7653d4c,"['45.17145259554809', '72.24243630330974', '60.56227493527495', '6.524924433216247', '33.32420173935651']"
10de45c7,"['-70.36198879811286', '3006.0586759121343', '-66.95567226428051', '161337.75178801955', '-63.624137288227665']"
0b15ddc6,"['2120928.240538507', '2210051.2277895673', '174869.24320426676', '-2633280.662982415', '4937609.947196985']"
1f446640,"['510692.51765446557', '29207.801046615634', '1447.7133307982676', '-874.0704176593404', '3854.1259405715864']"
47434cdd,"['733.6594054980812', '4994.457274945535', '-75.41492089897378', '-1505.77477947623', '40.81683663204108']"
9569eeac,"['-52422881.82135686', '68417635.82380061', '-907346832.6586316', '318025903.33558774', '87339277.17490003']"
4640e276,"['1.6868145048276713', '21.682381495207153', '-1.472183097206706', '1.45979014766605', '51.82355196916311']"
f4eb0da3,"['-31783.236329052277', '-67904.61712351601', '9.773952820176413', '-1318.5392371441692', '1642.8500044468528']"
94a45ffc,"[0, 0, 0, 0, 0]"
e950bdf0,"['13.419910233770645', '7.028549384700231', '14.277375006509397', '-35.28901809733797', '79902.904509222']"
eb66bde7,"['-6606', '-6592', '-6592', '-6599', '-6620']"
030e5d77,"[0, 0, 0, 0, 0]"
d1d6bc63,"['-2.3300979849078924', '-31807.860051194497', '-3461.428763454705', '-27457.304602978576', '-211718.89040834818']"
adcf175e,"['69.43030444788252', '272.1446006780345', '-345.81878319889205', '-134.2307328844459', '260.03621629318474']"
49238811,"[0, 0, 0, 0, 0]"
ed58243d,"['1.2701783507270972', '1.2271697072181191', '1.1682723039474523', '1.2767916850115761', '1.2743136004850626']"
621ba86e,"[0, 0, 0, 0, 0]"
9a6072fc,"['10589.63630345648', '-4500883.86123346', '-19393926.06060158', '1240741.2876433374', '-1499611.2536229552']"
4cd2c64f,"['1633083.1506885088', '7186831.447344068', '773708.1583769838', '1638992.9238592957', '809690.4602304649']"
e8fc8ab3,"['232.0216737477316', '55.355728466496245', '102.35465826892471', '166.5374237861212', '260.48148849923217']"
1619f3db,"['-2286.5596704707596', '3002.2274573149684', '4519.915447911307', '4263.830356184016', '4742.234861111776']"
51297cde,"[0, 0, 0, 0, 0]"
cd120d0d,"['828.0333037837017', '102701033.90811592', '459.9186859843151', '6223.99827997091', '4.711079607134567']"
02346415,"['2714.40796797965', '704.661992516385', '122.264521478369', '62.8994114890184', '15.6602462298710']"
53173745,"['nan', '36470.18948721875', '25714.082881786162', 'nan', 'nan']"
837c2d20,"['33824.621443149896', '13071.937870657468', '16271.653471064838', '450.654424883386', '11768.793518827748']"
e3108ef0,"['42.146566573127664', '62.14089672803577', '46.21313608778406', '40.61252877696824', '24.094140302720724']"
c6e47360,"['-15.171263181894133', '-97.88620391273992', '-31.30538302096142', '-125.57796131675418', '2.105094463737423']"
4cbddb17,"['-2125441.374732518', '-43.18470961429429', '-5.068426806332417', '-1494.9129267296537', '9.27757828717833']"
e61285ca,"['2.034185255242288', '1.8749319931109802', '2.1692129107432763', '5.827129926522659', '1.9461596246353']"
343c6aae,"['6846.08280376977', '5347.49701138063', '6670.92518331802', '6663.10422467992', '6791.40003029721']"
e4868d28,"['9621.20261430602', '11053.1381580152', '11334.2912267952', '11326.7753221039', '9057.96661482317']"
c96622d6,"['2191.754135089237', '6124.009784870643', '5837.300019113809', '6093.329364902804', '6513.8455068949115']"
907b9d87,"['10001.6286273671', '12532.4998659235', '12062.6159108893', '13049.9671068571', '11682.2585653391']"
ac23fe7a,"[0, 0, 0, 0, 0]"
5eded0aa,"['-30202.674168627564-4997.864166361641j', '-71561.25067604388-4997.864166361641j', '-12988.9386227884', '-30670.1440371652', '-31859.6928740449']"
6dac7468,"['-6390.079184232178', '3040.5710190014142', '-2650.4311788064106', '-3093.5513016986033', '2978.054927296068']"
cc472125,"[0, 0, 0, 0, 0]"
c7219fe7,"['-2817', '4445', '-1713', '-312', '-384']"
46a2a706,"['9500.993087032046', '-455.9968713116538', '1581059.5695522125', '1336741.4555655846', '3345064.0905041667']"
3a5769c7,"['-100', '-74', '-112', '-86', '-76']"
158a76d6,"['23.869895089059497', '3.7502677482435094', '121.6474790740167', '36.54706010243036', '7.421521424112521']"
384421f3,"['-0.2698587409661279', '-0.040327644414013354', '0.1825518863955491', '-0.1978307359258615', '-0.23095728817619873']"
64962842,"[0, 0, 0, 0, 0]"
0b9cde14,"['342588.6389081967', '34324.49672780287', '178680.21333630587', '345417.03723777435', '537.2882734345061']"
7529790f,"['11.280886701182705', '4.35792711625969', '11.368543079366937', '4.438769896905219', '11.315478238041262']"
a310010a,"['75.21973764785315', '-9.813988117245277', '100.0880712682224', '12918.990168889573', '1468123.94641158']"
04825e75,"['-7517.766503780347', '300.4469568347943', '39.29778757427676', '-10.508796653462745', '-218.8587648843464']"
c3596ee5,"['40.622268118891434', '92.65740705407465', '24.415851466364302', '97.89870027371633', '9.595105409432254']"
85efff9a,"['-30', '-40', '0', '5', '5']"
da98e60f,"[0, 0, 0, 0, 0]"
239823ad,"['-8314.01550490265', '-1.904020472433264', '-75361.28783950627', '-32544.05251376515', '2647.952007774914']"
7d38f17d,"['42925790.55006569', '7191990.167466012', '5327164.3475442855', '44324757.89022633', '1710718796.2691836']"
4ffa480d,"[0, 0, 0, 0, 0]"
52678410,"['-50943.85631726477', '-70642.8171568386', '592443453.8222048', '-12553.661446591079', '-39715.78474176862']"
47572870,"['12.511416842514013', '12.996596015609663', '9.539770031510088', '7.144861431481898', '6.839997278599538']"
0fa3fa74,"['-8821.231414730193', '-8835.999935006768', '-8830.738354278996', '-8835.999980964802', '-8835.975369623846']"
f408e543,"['-1.6796162273313031', '-83.30713776627327', '-35.57455313278665', '-115.2664659406265', '27.060276006160557']"
9c7b4dba,"['12003.8389289901', '15038.9681054355', '14273.9328265379', '14796.3205792389', '13584.194252713056+5281.072791552406j']"
ba1e97b7,"['99.99689022471671', '146.62775390464316', '142.42700609969688', '87.57028746210742', '17.883564576071457']"
3a9f8b87,"['14.8705605175563', '8.893629883291736', '37.13151647346604', '-0.9671449502931084', '3.8373742990750936']"
6d8512af,"[0, 0, 0, 0, 0]"
f6fb23f6,"['-2.921113103626414', '-0.006315748105221163', '-0.00039405343284146585', '1.7102310397325562', '0.035655311892626954']"
5c8c8b1f,"['130.41776381889835', '73.93157495884014', '44.664925982007816', '58.43716380266308', '154.23526756322113']"
8a1e38ff,"['-9983.255274855332', '-10026.382195372174', '-10016.758129474147', '-9999.635994750579', '-10004.106801620059']"
69470102,"['-10.810318977515864', '-73.20889655456172', '38168.09423596584', '34.249157959500366', '351.78662062259946']"
b81628f5,"['-554', '-498', '-463', '-489', '-475']"
081ccd47,"['3262568.2381794536', '70296.64124620656', '55910.730206922875', '123554.11672250742', '3795.9243404118724']"
1e70da5d,"['188.60605280714367', '584.6176016455894', '254.03628854173198', '-1.5219688883465121', '499.19523811930407']"
2d21544a,"['0.026090241896272834+0.0002409633412796549j', '0.593878249436302', '0.587831596483583', '0.569753891063280', '1.002408772518972+0.0001562631497322294j']"
0d723ba0,"['3980', '2413', '1966', '951', '2840']"
ac18d6b8,"['0.09593912702586824', '0.40939695007999005', '0.00978796972558572', '0.1329352578754246', '0.2442912551356011']"
970ed9f3,"['1.0919088420210312e-06', '-3.680836646426094e-05', '0.13782401372172756', '5.828945631907005e-05', '0.025764575506140367']"
4bd36a5b,"['2633.4115914147187', '-1528.0724182984368', '-1986.226053742846', '-1720.421704473482', '-5950.462917928478']"
c0b5306e,"['-1.1310065903404465e-05', '0.0', '0.014043435510536512', '2.8028060541514785e-46', '-inf']"
fc4f2fce,"['94230045676.9386', '1088987.7014928125', '-2906929670624.214', '32276509.517044447', '-603362426044.3787']"
92dd56e9,"['-9269.164510040931', '885177.6578426098', '1231011.3565364412', '131966.07765294617', '-9112.96704370457']"
c1716c49,"['-6166.39520946224', '-2065.66332292530', '223.050292416701', '-56.87158369388089+28.274333882308138j', '-7138.656678643431+28.274333882308138j']"
5124d366,"[0, 0, 0, 0, 0]"
dc22867a,"['562099.0', '2145582.0', '271608.0', '235195.0', '578184.0']"
6ee1ca18,"['1529763.2100368266', '977196.0614253654', '351090.7318867174', '1695611.1045454782', '1615593070.685415']"
76b427bc,"['5760.0', '20101.0', '60793.0', '114815.0', '147838.0']"
278e32f9,"['-482.57283783876403', '-1027.0647279583045', '312.43175501816444', '-82.02059319549022', '-220.3623478818907']"
6d4a924c,"['3.9078325000615886', '1.5807668156679153', '4.211954141754571', '2.1691678111565182', '4.526535715415243']"
24e423b4,"['-1.3522809914106966', '8.222492423926782', '-15.626441355051533', '3.464495738142547', '8.504486759894675']"
40961cf5,"['92.66320238583344', '37.385758245764585', '52.734362863521476', '24.380916060141793', '236.51578161401645']"
62ac8170,"['14790.9970207384', '13972.1442200788', '15805.4413321114', '16202.5245252279', '17011.5478595796']"
c4edc0ff,"['-605598926.5491707', '-614230554.5510861', '-577519327.3567609', '-605632037.2459925', '-604898275.5910226']"
ecf762b9,"['0.391119488314108', '-4.406992998450898', '6.053574496855611', '0.5273643443623292', '0.5280185178668181']"
33451be9,"['0.9700705868140233', '1.0623997313114666', '0.9689255396781569', '1.064911577083016', '2.816623127567593']"
ece07a32,"['112378.07961304551', '558.7727122373807', '855.7113855604116', '4.994146241508514', '414445.1725551277']"
733cf3c5,"['142', '139', '130', '133', '123']"
68c4fbc0,"['248.31021069483603', '-648.5227143340818', '-299.19378575548507', '10750.872956778901', '120.01371497416567']"
d5b6955c,"[0, 0, 0, 0, 0]"
9c4f3ac2,"['-28', '-19', '0', '9', '-55']"
faa5eb74,"['-3.7840119453258128', '5.4862969258589', '-8.888968196710183', '3.1217605919498537', '8.147935229180389']"
ec799faf,"['7.996288916605216', '21.612745275253886', '-251.01765949376176', '8.055619109577854', '8.396282120252819']"
191c2d83,"['-2226.461346424217', '1221.820269205933', '28928170.97554159', '1271.3923989667608', '-10371.544031637746']"
76db24c0,"['8.722243966583175', '5.632878845328946', '7.784800975864529', '2.0039984115732072', '7.710757979806646']"
8f40ca6c,"['72473626.89879173', '174075255.61714217', '183301996.25400007', '-24860583.252108112', '66013539.515586644']"
d2a8aa8e,"['29375.662923275697', '37837.048451432864', '2.8075204301533496', '6.156580779619638', '29434.81286799384']"
73dd6995,"['1.2401055572164388', '-4.081884202068214e-05', '0.8249362980160777', '-0.13837700479930606', '1.1120426907896221']"
bbb21e57,"['10.982020349241997', '-419.4371744513592', '-36103.42524293264', '500.9586661502663', '822.2957947299695']"
93d42c42,"['1159.7644181274836+424.6129627368589j', '-3.93132359222600', '10.100660705518067+3.342073233793462j', '4.66907074279427', '-2.62908203823644']"
5bd5230f,"[0, 0, 0, 0, 0]"
5557064c,"[0, 0, 0, 0, 0]"
6d1b484b,"['9.774516309322038', '8.492300325818992', '8.718236666851052', '8.492779410653778', '8.639890109568363']"
ea6ab977,"['-432163.7528750048', '-50653.23996982657', '-293427.5844202435', '-432367.80283478904', '-1045988.4848301127']"
1f13d17e,"['18392.8064203995', '17510.303399840708', '17706.51314062636', '16491.777619609154', '15694.501507964807']"
d9c583b5,"['1177', '1174', '9343', '1098', '34757']"
a348648a,"['-2672', '-2804', '3233', '-2790', '-2641']"
908e1adc,"['80.8562725934738', '17.190996284117183', '31.805383035960716', '131.7259556354136', '128.8416769085661']"
2b130b47,"['-34088.5740620314', '-15688.0134215133', '-16505.0288383762', '-6924.98877291590', '-17911.6764798141']"
85069b4f,"['0.5099678980319976', '0.0010069448054795362', '0.0006707002639976087', '0.003334191970188303', '-0.0017107818995198358']"
c97e9cbc,"[0, 0, 0, 0, 0]"
80319ec5,"['-111.11818005861659', '-3.7292265128822084', '-298.3130028431997', '-7.358718108908714', '1.9321577275572888']"
de359680,"['944', '668', '1580', '6074', '2452']"
81620fac,"['4090.916263443348', '367.0975553450616', '2634.1803987419585', '7276.208541944443', '3902.4634749261245']"
cede8a88,"['-90596926.83202279', '77268255.06163119', '2160293650.5336895', '515411883.62871027', '-48196556.67728487']"
2c94be37,"['756.551771443522', '-2855.24287403110', '-3767.69489455056', '-907.895945815191', '-3221.28683732986']"
507fe0c3,"['1155253.0806612412+5385.450045429675j', '117115.061997385', '406464.6365802719+5385.450045429675j', '13748.2204425606', '-292306.490601308']"
f74491c6,"['0.691705837658187', '0.6967410410690499', '0.7108895673276594', '0.6949224320561067', '0.7091224349888958']"
5a949831,"[0, 0, 0, 0, 0]"
474b2e0d,"['-4537.5030178597535', '-987.4617066790076', '-119.93493596715322', '-3309.0340229254575', '-229.47578170183806']"
a8bd4e3c,"['-167840278.69617286', '-125692246.71339121', '-5670854.464789768', '-21353250.04282511', '1057549.3304334178']"
5df97309,"['-6.60320695284013e+7206', '-6.58405726732750e-3447', '1.73423513187474e+513', '4.66202578996489e+8941', '2.39290311979856e-2208']"
3f426a13,"['1119.44321961376', '11375.0403390630', '16863.4591262959', '7240.07191015171', '265.568186762638']"
e4c42702,"['4.2314377169082125', '21.52745016656559', '3.6597705884085294', '17.623772334995248', '14.851597177548436']"
93fb0e13,"['-2.30933907558755', '-2.19686303189327', '-2.0725583209088616-0.7915224138711139j', '-1.98317854285431', '-2.52597393226777']"
2b5c1ad8,"['69.55541362893614', '116.77876106597249', '24.11946457844862', '31.66092196344445', '126.2576049269622']"
51a9d780,"['0.44024324416909155', '0.4324665078415765', '0.42972487425994116', '0.4400594528735753', '0.595188064948385']"
15554eff,"['2285341', '10268086', '-50562', '-13694', '-1849']"
6e935a78,"['-24.14468384153192', '-41.22946376181601', '-56.690785969419', '-44.269781196685756', '-58.380290691108556']"
42ffb83c,"[0, 0, 0, 0, 0]"
f0251574,"['-145.46285265644062', '111.86904737862487', '19.649531174714745', '-0.3225744250188535', '-7.150993520814691']"
7884af62,"['15.31208295787146', '25759.117019224417', '17.283128727852827', '39.46900182534588', '16.56387020043225']"
af43972c,"['376822.45726281765', '196150.95255052354', '357543.06459949404', '-118271.99739050739', '-51836.94361297384']"
e7929ebe,"[0, 0, 0, 0, 0]"
e7244988,"['-2.5967491201747332', '22.343503010245207', '-32.769829363261366', '67.72864300146226', '-1.2893824698050906']"
6fb0ab56,"['12713.664280365429', '120495.32930554001', '-28682.862684814616', '-631842.7352280352', '108525.07694181956']"
82564b67,"['54.492175550203186', '-513.5333180333813', '-116.93580193445888', '-1241.009048252865', '-1426.5929392473854']"
9a7f1c36,"['-0.11489456650126822', '1.152603669363099', '-0.24075732681582507', '2.973871865651101', '0.9892457108051698']"
93b5919c,"['983252.1746685227', '1144691.725374318', '1714828.384399042', '479971.4702040405', '1057450.321019473']"
d992c3ec,"['3.69347648319507e+965326', '0.000259182013884890', '2.71794565478088e+441439', '-4.18716910158870e+37688', '-283508.069133650']"
10b7b949,"[0, '32348002', 0, 0, 0]"
a39e9e3a,"['-1432555.9066282979', '-302750.7949270767', '-66661.49377162573', '-579743.3866531706', '-746342.0629294753']"
f0d064bd,"['-6687.253629566143', '-6591.0218004901235', '4276.483134350337', '2266.190531758746', '-6434.4903559935065']"
13bff2c9,"['248', '260', '260', '261', '260']"
c5570866,"[0, 0, 0, 0, 0]"
20696a62,"['0.005771951128396725', '0.001837082026692993', '8.901529060602487e-05', '0.004881500908703514', '0.005886056667444962']"
79663470,"['-54.783808655267315', '26.210817905426108', '11.572250470148376', '68.34659680359563', '-393.6684789244627']"
7c00b973,"['-129.2195794431115', '-37.899209510609815', '-92.13045191421098', '-50.63440314800007', '-673.977801645375']"
e50b16fb,"[0, 0, 0, 0, 0]"
c29bee81,"['434147.4531338522', '555.482051561954', '14815.740949859779', '450325.9280959936', '70.82699911006564']"
3fa75a2d,"['-1718', '-1700', '-1692', '-1648', '-1616']"
a40d2928,"['-124', '-114', '-125', '-106', '-124']"
997d96ed,"['-0.00751878832570929', '-0.00117853228468114', '0.0175069448908646', '-0.377409029422285', '-0.362105965088564']"
d94cf076,"['1.386714488105884', '2.0101953284856284', '2.2835876255032836', '0.7299591483477196', '1.6359367119528017']"
f09a0ab1,"['2.291968660368309-0.9581125067229426j', '11.7374479400413', '2.2986268313677547-0.8052228820263272j', '2.83508153942058', '2.62671585849275']"
9a5a22d3,"['2.6264450885452004', '2.9503717933104388', '2.3394060927945812', '2.9620199781797774', '1.5797497700557794']"
26447dcf,"['2.6835417402182227', '-0.8112671553701349', '45.60681334180033', '0.38255777643384636', '9.914292316535276']"
14fd593a,"['9357688.81967249', '1465637.3104894839+625808.593302338j', '-22547764.9264694', '1400776.991020088+644559.7629533784j', '15660453.152573867+10844363.65710333j']"
c8f887b6,"[0, 0, 0, 0, 0]"
2a896e09,"['166906.948541721', '121957.059099727', '105.771153916106', '240363.292569583', '84384.1327560603']"
ba973310,"['95227562.52103189', '525.4481443677391', '1418487.860988663', '-997.095546486211', '-518.6427824422692']"
9bd005da,"['0.7434634423706826', '0.8116271926302823', '0.8104176099255868', '0.8117850765498077', '0.8128723880819518']"
aeb8578d,"['63129581.34376792', '78417260.92865226', '-183313494.33990636', '-96216363.09123953', '105852370.23931043']"
e4344254,"['-0.3870866785989176', '173487.6579189068', '4774.940753033095', '6427.478742873426', '4799.2636235655045']"
04c3e18f,"['0.11220822673132316-0.03618138961095139j', '1.804134898961581e-05-9.88164624603445e-06j', '0.00102071626653623', '0.0825143906921300', '0.0133276164460514']"
a4f89f6f,"[0, 0, 0, 0, 0]"
f0bb4b9d,"['4792526.98399776', '561660.656039842', '8633746.49143630', '542251.611643709', '734554.374545263']"
61128d2e,"['-93', '-117', '-109', '-72', '-105']"
f666127b,"['7.0', '5.0', '11.0', '8.0', '5.0']"
339da274,"['1151897.0595638955', '1087302.3683410923', '1063990.3402383565', '1483023.2452175282', '1165723.7243628683']"
b0a9d270,"['211.49271262276832', '266.6444422189254', '243.01101278907595', '185.0215630670355', '41.16374689428944']"
97388fec,"[0, 0, 0, 0, 0]"
ba037f46,"['4.863982963552235', '344.1198165776852', '7.011752423503302', '59.29937061195814', '55.560547719604465']"
19599e3e,"['0.3635156624460929', '2399.343102496435', '944773.1465528382', '6.678869251719092', '161598.78903264928']"
8acb9bb9,"['66096.8302098138', '58350.14915735522', '87.1091733707594', '193361.02212361674', '0.9502014454961354']"
4e9ac3ec,"['22675.8322601079', '19676.30771828873+7822.614439384979j', '21354.1057906674', '22834.104005759942+7822.614439384979j', '23291.0229957611']"
3cf96945,"[0, 0, 0, 0, 0]"
17cc372c,"['-4079.8379850730444', '-4151.660271102638', '-4088.967706373441', '-4143.318666223365', '-4162.672716185533']"
012ba0f2,"['-18', '-22', '-18', '-6', '-14']"
5f272c1c,"[0, 0, 0, 0, 0]"
a7b7e5de,"['6800748.007892089', '1202018.2418395411', '-508334.1221066358', '6743882.289997065', '4769296.986045908']"
401f1be8,"['-2475775.48863164', '1358.7085906553637', '-10698.169749398257', '6031899.044274374', '760909.5381828441']"
094aafbb,"['-174161220.57740912', '-343409255.729012', '-73599881.86927764', '117173371.80112201', '-149642131.76378182']"
a1abad6c,"['7.384754297902177', '7.740496550868342', '7.1673144027548314', '7.046779671218904', '7.893643945398717']"
c7882738,"['1.2849999328606245e-164', '-0.0', '8.448290902795527e-60', '0.0002777227175946909', '1.5435615432163103e-29']"
886750d4,"['7.9333154701272965', '3.529369554603596', '11.988365748183487', '9.98001451973724', '6.588377303844732']"
d6ef88f0,"['13507414.115757357', '2554844343.0768375', '72449825.55327001', '2142159.7173406854', '20469273.31976277']"
24c94bbb,"['426162.5861955772', '431312.11683483055', '124493.45551419695', '241051.5144931629', '1072657.2377810783']"
044068a3,"['616.7287459471905', '340.9023984509137', '399.40055138878046', '-2020.8581922495307', '75.83894538041108']"
c4e84ef8,"['3', '-14', '17', '-18', '-47']"
966f3516,"['1.1901031276349243', '1.0838530424340183', '0.6213266706467337', '1.93429834374381', '1.927319242839793']"
40b5578d,"['1231.7789927597278', '5383.681606882041', '2480.4560587563865', '5197.980628143276', '6214.942309261237']"
2b9bb89a,"['nan', '12326354.32977469', '1225761.7161966532', 'nan', 'nan']"
ddc02d08,"[0, 0, 0, 0, 0]"
10f13143,"['-20802.5069168588', '-23915.8463605935', '-8500.63537963092', '-859.481009457804', '-1764.88455638164']"
c0d2e909,"['-26', '6', '-3', '-17', '-14']"
654414e5,"['15.733736120713232', '-6.7789100801170115', '2.6939176056627963', '-11.585160571503135', '-0.6338545125208846']"
c78c45e3,"['-43054.9531152930', '-10967.8903535460', '-856143.426054828', '-4.74087546444319', '-611604.023054120']"
6efcf790,"['-2351006.104958858', '-418120.53024885256', '-2707997.679382798', '-1773792.3031447316', '460663.66426001134']"
ffef1254,"['2531.9216289389606', '-72956.3535656774', '-502.1564766549645', '-4171.76893496018', '76353.37647310221']"
6a589df6,"['-140', '-134', '-156', '-128', '-120']"
d2493236,"['93.8747347640373', '82.82490451285867', '81.4712125218437', '45.570871151484305', '4.33229387954405']"
44bf5395,"['-59', '-95', '-64', '-68', '-91']"
c17bc572,"['-33.148005436149504', '105.51899768841244', '56.22734539722568', '-51.080358390551154', '44.227953598314464']"
2d44d312,"['-2591', '-2559', '-2591', '-2495', '-2531']"
eb1a60df,"[0, '2', '0', 0, '0']"
d0aa04bd,"['0.38281230232800195', '1.1505080334977833', '0.36319921892728035', '0.4153061593494436', '0.32257621367741496']"
26b1f93c,"['0.6461871574128022', '5.499151463767058', '-1.3561867215637253', '0.4241283010667516', '5.036597234402885']"
a07c557e,"['159156.869458604', '278074.3267250147+8281.82458249367j', '422578.07479983085+8281.82458249367j', '521565.74560857384+8281.82458249367j', '619265.6207292532+8281.82458249367j']"
c63b5161,"['-1824.3875269054793', '346.758475210938', '807400.8728569483', '11740.790549478648', '-105211130.81549196']"
70c5289b,"['-8265.358035705909', '-8542.037960507654', '298188.0378971536', '-3042.1355621258326', '-8048.549129473467']"
0ca0d307,"['114136.92593044922', '-3154.7945263957467', '698.4701850746596', '77533893.37104781', '477221.81442682433']"
4318ca01,"['-673.6883383780735', '-1952.8953110447878', '897.4368226529054', '-3424.4586074078225', '-4933.118447069095']"
af0512b6,"['-2.715998961728288', '0.022698757609803923', '0.07492591557454442', '-0.4036979100928298', '-0.018784641586012743']"
78e065e7,"['0.3303685274735892', '1.992698573730561', '0.00011343831719134331', '4.166068064833818e-05', '295.86796420628866']"
57e417f1,"['3127.7239297798455', '523.9030450262105', '462.0193956187754', '-1597.5672099736128', '-184.32837811045806']"
3e9192cf,"['-24587.17913930558', '-34107.618280142524', '20899.993320848673', '33972.97782981363', '35130.442390405595']"
1f10e63e,"['255.27906642509973', '1461.1653178137904', '205.03513780523613', '530.1001206182608', '876.8149741831694']"
96fe7a92,"['-6236.874862440173', '-6183.647124219468', '-5663.580613446937', '129140.14799253119', '-5455.64499361365']"
85a592bd,"['15.751773902626255', '10.503124605983302', '44.1700832973123', '45.46903458583698', '47.644632892045976']"
1ddfd6fd,"[0, 0, 0, 0, 0]"
47f15874,"['854.8547362362359+286.1021636190731j', '689.8670431572663+236.050108692298j', '1424.3727442481038+447.2560021337651j', '5156.24471457731', '1468.9535738316213+458.8582822429973j']"
88b42024,"['1.65590341920221e-345', '-2.24724643399817e-95', '4.43339741473011e-138', '7.33741010241532e-394', '3.95162034488492e-5']"
5d1a44e8,"['73323.09982577543', '73329.97001456487', '30103.475866712637', '146820.85653272946', '47246.32965742041']"
1ab2c607,"['14568.838196662866', '-4170.364939103935', '1654810.6884896134', '-4522.412058121861', '-7588.154202280699']"
9bdd19bc,"['-0.0014943686201501659', '-0.00019949678947917598', '-0.0017378346881055406', '0.0002942760044553075', '0.0033798699209154105']"
345a9b4a,"['32001850.320065945', '35033831.90685567', '4594273.3350133225', '-1138228.9446699338', '45974233.51173512']"
427d9f00,"['3.4254324062994588', '1.5313679543978445', '3.5946748797951202', '1.810251387144199', '1.4363279012452685']"
a1d82344,"['-40784050.84436551', '862541036.4653027', '-87753575.63126853', '-84416949.95408237', '-235577695.04605842']"
fd75f2ca,"['-43', '-21', '-43', '-46', '-56']"
b21a668b,"['-91983.09950206694-6931.941957312924j', '-19312.680922123178-6931.941957312924j', '-17285.01379551579-6931.941957312924j', '-29566.090747622973-6931.941957312924j', '-47059.029721426035-6931.941957312924j']"
306dc023,"['1.688766116445571e-05', '5.119728408613229e-05', '525.1653694214309', '-0.008789286175364619', '1677.909663549637']"
c48653b7,"['-0.00106930417022730', '0.00385660117561299', '-9.516591743753063-12.736798121853658j', '-40.7382894215105', '-118.59854882875047+1002.8906179488605j']"
8a3038f0,"['0.0001277375422598044', 'nan', '0.003776085109463132', '-0.011398459732682867', '-0.00013043202632161702']"
639c37a1,"['6414.44423998241', '18623.7936778781', '1391.19914651793', '17039.8474752870', '43700.8465600144']"
7b3110e0,"['0.6222092424696695', '0.556089930080453', '0.5523306951288189', '0.5490383516194012', '0.5518841551943738']"
ff9d044a,"['55745.98139395124', '-5323.532369845827', '1.0552770868462784', '76178.50084100003', '-9523.235148516655']"
03205d8a,"['-7.363899319982773', '-0.04761614898396516', '25.06150987190127', '3.411280346564657', '-104.63116285997214']"
f4c94660,"['9179.793939636256', '1552.862945227335', '2492.292550532069', '2755.1004627381444', '12592.12297845563']"
e453cf41,"['104369', '103434', '100076', '100529', '100014']"
e571758c,"['23130.873391176854', '9968.253774234303', '9932.070014236255', '67083.67613730993', '30343.377681703245']"
f5fd0fcd,"['-34', '-40', '-39', '-39', '-34']"
63e9e17d,"['5.516784881767639', 0, 0, '-4.830324867752231', 0]"
e506e256,"[0, 0, 0, 0, 0]"
4378601e,"['162.71336774908954', '-403.64438526627555', '-105.83659766899166', '1659.2213908158978', '-1782.8761252242484']"
72120e5e,"[0, 0, 0, 0, 0]"
b152bf31,"[0, 0, 0, 0, 0]"
901baccc,"['-487860.36190175754', '-64646.3033772603', '109740.49772334614', '483028.8873207894', '789264.7087591433']"
935b4439,"['-2501.196738838484', '920.6014976677925', '490.35656552354715', '-59.67159857024633', '313.9205475989461']"
62f7bc63,"['5947.529271174224', '7904.741485334478', '5108.75246687276', '19882.75074260099', '14566.487561106467']"
9e1d3a7f,"[0, 0, 0, 0, 0]"
0a1398fd,"[0, 0, 0, 0, 0]"
fd44c67c,"['3070989124625.264', '1.801659401623275e+35', '150922328.32517102', '2.2945131194145608e+39', '7.612401809402752e+20']"
3b6790c2,"['-0.3185382425062838', '-0.183294916747121', '-0.45517492948704663', '-0.23360789338178461', '-0.18392379798175162']"
443b6e01,"[0, 0, 0, 0, 0]"
c2efa945,"['-90', '-83', '-85', '-103', '-59']"
b4776200,"['-7.553520417728335', '1520.9326038936858', '75.63027826556777', '48.703944083905675', '27.451393503699627']"
18ae2a56,"['-66', '-32', '-18', '23', '-57']"
b5b4603a,"['-1029.1743602676477', '-2396.2947820272493', '-3746.082779623029', '2194068.0584107945', '-1679.953598571132']"
25b4c613,"[0, 0, 0, 0, 0]"
9164fae7,"[0, 0, 0, 0, 0]"
3c7f10c2,"[0, 0, 0, 0, 0]"
d42e884f,"['-189607.80407891521+60722.60797593641j', '-0.200329427451345', '-307940.6274744028+97758.25615507746j', '-50461.5316082887', '-264572.572477585']"
0d2cb2c9,"['851569.6592754123', '355911.30831516336', '1220462.7101768283', '30678.947339555703', '2.1559326790388647']"
c4bf2ae9,"['4.631080768602397', '3.307663546580647', '0.04836654605050339', '0.06242379337678865', '0.04707178772129847']"
9bb91534,"['-8079.564975454002', '-7183.697202184646', '-6976.946623794865', '-8097.240585824541', '-7447.7417463564']"
bbe72825,"['26.81218577734008', '0.08356206549867386', '0.06514777043280895', '11.773896693581197', '8.448750889989078']"
1579f2a4,"['356436035.36444044', '1449638193.2341182', '-13192.090209154383', '45461647.26493355', '-29846681.370730907']"
e7363a82,"['1.6242382526318389', '-4455.982881907081', '-110.06734896551208', '-32923.71591755345', '-229.39127121586438']"
4fad32cb,"['3.764431834469783', '3.8824942704117174', '1.0537775122821418', '2.9764139991557363', '5.960846973499703']"
ae6e260a,"['1.734964532216466', '1.9615220266030342', '1.694546887522258', '1.3675836792643592', '2.141733764583898']"
729cacd2,"['771756.4762253568', '-17728.01302367657', '-19365222.250853874', '-56208191.752717294', '-16190890.988716884']"
ff0cda68,"['108366', '108444', '108505', '108488', '108538']"
be72ef3d,"['1062021.734906985', '3513.7859822243045', '-1273.7616087327863', '-284305.695868736', '68699.42878585155']"
afbed42d,"['654146.4394094652', '-98835.71532615875', '232944.31073120123', '-327446.76745412615', '805933.3281511754']"
70a573af,"['23294.6757676419', '21191.9894345783', '26266.7913339817', '25683.6080349113', '25049.8601149427']"
f8a096cd,"[0, 0, 0, 0, 0]"
5daefc4d,"['-6854.721160270122', '29298.25219908015', '-18746.261177767505', '103477.10543950638', '-90835.57703437092']"
65a9161e,"['-1935.9999606398644', '-1935.9806363212906', '400560.87719593965', '-1935.9563758021604', '-1935.9999699385319']"
5d4f7ea0,"['14693.968669286596', '-3204338.952678286', '-91.87658072522646', '3566.6721015890025', '48051.067859638395']"
e40aaf99,"['4464722.770833609', '4771691.342157622', '24348.897850441735', '25769.387590680508', '300311.94087487506']"
bf27f9d0,"['-160.65124673692776', '-254.1892891926016', '-422.8616505997177', '-31.25845763800341', '-509.40318790650565']"
f7e87d8b,"['907166.2656237633', '476787.6435857992', '5856.344087131316', '-22602.573136816292', '-11052.82391234593']"
6553c357,"['-599.7062534890719', '-733202.9845200351', '134.85889843569865', '4537.839516121347', '-166977445.90284145']"
98bdf03f,"['-1575.2099907940424', '-1245.7290142063894', '156.7804129603652', '2374.5582112457914', '-4.800572200807391']"
ee0762cf,"['19513.7972879416', '78208.4150935730', '33285.0282827063', '35957.6828438127', '60.2350098590464']"
def80602,"['-140.7645996318928', '465202.8357456818', '2514.4657145887654', '750.7690143645989', '-2379.6301998675362']"
5bf0cf20,"['309485.4457164862', '146717.2804579005', '63530.7181766953', '10469.521122422435', '23355.9192960326']"
01d3a318,"['0.01406921264125673', '0.005777949036339807', '0.012416261388954743', '-0.12409749444496049', '-0.005862465180988256']"
51d93ec4,"[0, 0, 0, 0, 0]"
31de77ab,"['-2048.2617596401597', '-3496.496277618723', '-3838.367800728244', '-3873.469802086931', '5936.259075901898']"
0420a54c,"['27397.017397001335', '25795.947267927015', '27331.956987939957', '27515.393052683896', '26147.211990856853']"
e571f24a,"['-129', '0', '0', '77963', '0']"
6cd1c851,"['-274915', '-1646', '-6795', '-54949', '-444']"
041c56fb,"['-446.72546962454953', '-1342.1175877382634', '-633.7295253625357', '-385.81824761339413', '-515.1250783742489']"
af93bb8c,"['13543.628457062381', '16168.335495225634', '50252.12308393815', '34843.53126404748', '17400.42941508356']"
b2c7d0df,"['-293609.2178329013', '-296860.1306076112', '-93181.34954601388', '-4464237.923953319', '-496792.27955687005']"
28d77d82,"['-7128', '-7121', '-7149', '-7156', '-7149']"
711d2d19,"['0.539935468598742', '0.567338215330929', '0.411145361854607', '0.611669865526380', '0.454702187284398']"
8d6afe4c,"['-96.1643046506066', '45.59993865645363', '-6.066922218571058', '62.07889889210614', '32.41306243970922']"
5b219b33,"['136433.25984173652', '1395198.4568242652', '12590.602686632546', '5825.29275688758', '15265.77102477395']"
a182a995,"['510.40122688364573', '43.103245784084386', '-76854.54479122076', '1641.5264518556776', '32.840247768913045']"
b4d7df93,"['30086.507530984203', '12453.488787809194', '294.73573154571335', '2817.3816394489377', '8161.911514857344']"
a7201dc3,"['-2289.0', '-2541.0', '-2481.0', '-2349.0', '-2541.0']"
fb07912b,"['-141988.86377095847', '-202963.66900800748', '-100659.97177200095', '64147.07448963723', '349630.5212786005']"
bf2634e2,"['13350.325620391955', '93815.94075752977', '-145869.34841180407', '3.224845652059646', '-7277.931327618546']"
b5ce9f0f,"[0, 0, 0, 0, 0]"
8ec285af,"['46.27411569481026', '10.088137577496205', '-80.47323099570444', '95.93223698340125', '-89.91134666791535']"
da91388e,"['-19490.88812336884', '10191.513986017011', '-266115.3280155964', '-68679.75960533498', '85715.76754157557']"
61630bbb,"['1448.749922481973', '207.49825836456517', '367.4869516604981', '-20.47085217352918', '2385.1179156402213']"
9dfeddc6,"['55982.52608394937', '814376.8294914801', '-34984.62570646361', '324745.313531225', '406432.66318165243']"
e1df24de,"['-53.80972121480245', '-71.47273821326239', '-19.009107966376', '-105.13077814258695', '-34.62065019591829']"
53956312,"['0.9408047806137146', '0.39661001308379407', '0.9354216798695488', '0.9461019383134539', '1.119680461267086']"
60328e7a,"['-73.51217620174376', '-82.18035512259723', '5.937277769975769', '8.553640464597784', '-16.98292260815612']"
34d11244,"['15.442933982458982', '19.99574818356383', '59.774461661019174', '28.064712336738058', '10.270761961065354']"
24b3e67e,"['-3135.635578997898', '-107167.48278234842', '56201.89564457152', '-66520.33716628473', '66614.58654970863']"
c75cf7a1,"['-0.04624794345436737', '-0.3645642746618327', '-1.3719503072901444', '-0.07889974806166161', '-0.6244424296193316']"
6e5d1c67,"['1022.741420118734', '156.7666038941798', '-15.065405143373802', '4563.949965124374', '24.280586969407487']"
b8b6992b,"['2442584.6618014043', '2359556.232244591', '479788.52115469077', '2137402.3247062117', '508572.86227254814']"
a3bb7cc4,"['86569.69165600155', '28.372249073477704', '-210938.23677302172', '-2.7537613509073324', '942.2322828137254']"
db90b448,"['780709.2528921907', '1352290.2566523978', '692298.5039272762', '90170.30707566104', '85120.50319735336']"
cfa31bcc,"['3.352066269734032', '0.810739354981302', '5.27926608522108', '2.6470367240007824', '3.821227444961298']"
c9b03aae,"['-0.00029914422397857705', '-0.000315650817927744', '0.006783376524549983', '3221.5926089455916', '-447.6438385191964']"
e21fd7eb,"['0.6530001910232933', '0.6945936806575214', '0.6874368398671217', '0.4989693589281976', '0.6607024916177353']"
2d372d58,"['-1.395779034391738', '147.96652070003032', '19.442065980741226', '6.0670749785326565', '31.02514084722483']"
77f7d359,"[0, 0, 0, 0, 0]"
8713465e,"['315.25567664818857', '14.267557824197622', '0.19138002006741472', '82.2542207094194', '0.23899732396753187']"
72300b64,"['-46.23373587796372', '-2.955697795218956', '23.72180689345195', '-6.975409131213638', '41.05442095447803']"
d264dec7,"['-192532759.35850716', '242072406.04417345', '-8227598.945707188', '51654861.44121721', '-79347419.2861027']"
279f711b,"[0, 0, 0, 0, 0]"
e985a8d7,"['337.09142175673554', '1136.4769536411368', '-621.5693207139612', '1348.8972164079867', '1183.8088583423262']"
e3c655cd,"['1.19649048986295', '1.4580853036595416', '1.3542372363401025', '1.3742532381535648', '1.353902508827105']"
938e27c0,"['-0.4337776589646001', '-0.3043639591330985', '0.3662918631833841', '-1.5659798719633644', '-0.1953358288406024']"
517b215f,"['702.0952702541142', '144255.25961238027', '130936.82355639494', '-398557.92477866844', '268931.5036053072']"
5d3a5689,"['0.0103186515420794', '7153.938634496542-4000.5082704657484j', '59.6524754379053', '5443.879780894311-1809.9929344272862j', '1.28088502626243']"
03fc27cc,"['0.7467502108973818', '-38.305214288830975', '28.455804942758448', '-26.60699851361625', '-390.57946812321734']"
1c55eb04,"['102.89684097607831', '311.5285390523022', '47.17510063172017', '8.108795297371472', '95.48468547549619']"
a007fa0e,"[0, 0, 0, 0, 0]"
5b39a63d,"[0, 0, 0, 0, 0]"
0c11ae98,"['97476.36040814032', '96442.89320895603', '97852.69894279492', '96890.94211289124', '96879.68518315967']"
62ff7463,"['4.000066438340563', '11.848416265844955', '8.834305213724585', '11.163245567283912', '8.134217457370326']"
9169f5ce,"[0, 0, 0, 0, 0]"
0b94b78e,"['0.7416426301887658', '0.8662072907961544', '16.135663612867198', '0.5592002866007233', '15.029986673206633']"
6c1066e2,"['16129.588703024323', '44491.74743394137', '68661323.54725687', '31230700.01834753', '3871.3717927623075']"
b7c0e005,"['-34398.648242660085-12354.690644250131j', '228903.770738073', '1524306.69604517', '780576.4034789419+314192.85094240645j', '414610.268543586']"
fa0ef375,"[0, 0, 0, 0, 0]"
546a5648,"['28.53572798154476', '250.52866499825632', '-9.749026572779947', '78.57152068075345', '-21.23155604227632']"
cf3d9f7b,"['4053429841.326645', '4257269.681335323', '-439229572.2825625', '25810684.820974052', '2991360.3919686456']"
e9f06534,"['6467.8170829878945', '-4.7240100573766135', '102131.89834454416', '-7223.416591450857', '7776.973758621844']"
26b85d46,"['-857.8586679489679', '496134.5207396216', '2345077.9476164235', '-14450836.206821121', '74144.45980297969']"
e3167f47,"['13538.870294125465+4844.01763162761j', '13410.689420165785+4844.01763162761j', '12272.585316455341+4844.01763162761j', '14198.1620641141', '13718.6157621122']"
9cb77554,"['-27865.488354577195-9118.409235848387j', '16795587.2282445', '19764.740372477776+6853.249206743363j', '-41838.0809324161', '-13066.15188563458-4353.201670363434j']"
79c7fd10,"['5598.704151066768', '119.62103066614493', '-4284.286262926938', '-1772.8779727161455', '-17143.286204007432']"
367448be,"['-59.18610843348343', '39.8756121624688', '70.22879234523873', '-66.0388883378304', '-61.66923642935214']"
aa578d26,"['65484.4350574411', '-876676.2450199061', '98117.25184568136', '815323.9853451953', '96844.58724046075']"
80dc97f2,"['-82', '-66', '-42', '-42', '-74']"
9e1a1fb6,"['1.4914562242448712', '35436.91736456662', '-26087.75496903713', '1.8150365783174174', '-7.3052274988905275']"
fdd834fd,"['681824.505609117', '-5473.227254946664', '-5922.158883955681', '-5590.040270275923', '-5714.698409796891']"
cb16b6b5,"['-352818.092084305', '-220045.098199977', '-258992.688899523', '-11621.2253304233', '2899.96849020787']"
e4762d1d,"[0, 0, 0, 0, 0]"
aa71d584,"['-2085776.3274868242', '-2067.2893534125774', '-562.1953868735211', '-3309.4145299215515', '-238.3289054213901']"
4331afb0,"['824917.9865616796', '-187.96756183254936', '-16108.871343779312', '-538986.7909868248', '-733241.3591614614']"
7b968bce,"[0, 0, 0, 0, 0]"
44d59d2b,"['-69', '-109', '-80', '-76', '-134']"
a3c66f4e,"['-93210.9688539196', '194605.07330604037', '-1826364.968692164', '1090709.7320027603', '692313.8034966947']"
9f3932b4,"['92.3197470870287', '7.81378141024652e+17', '0.991171265600735', '-0.517084584862346', '2484.66806724312']"
3ef89028,"['-0.8187382233599577', '-1.1381475490123738', '1.5875704808478106', '-0.1424378236877637', '7.356827425090564']"
842ab1c2,"['273994730.80247253', '3.0474881904856024', '42898.44902711514', '0.9327004965948424', '-23.80061822161669']"
3bb9a2b4,"['5.780483599365448', '-85.63049492655476', '32.7507932296656', '346.3942526239555', '-46.78308659209715']"
b3d78c28,"['-3843.587771999139', '624998.7617228596', '-3843.477643707124', '-3849.47010606675', '-4777477.228954189']"
26637182,"['-6308', '-6180', '-6348', '-6362', '-6218']"
c9336205,"['0.34948601367228155', '0.4117845912373098', '0.7141623119552823', '0.2915308101777057', '0.305976414690039']"
44e65952,"['-65', '-27', '-20', '-26', '-30']"
5c7a48b7,"['-659.8324064242205', '-3346.4893966178097', '-6513.123036633447', '2865.9726791170856', '-9494.180548089269']"
ab5c280a,"['9.003059429129444e-07', '0.00027133508451804354', '2.5401784296522234e-05', '2.2350809921815556e-05', '0.14136407711405968']"
ab800e45,"['-26583.52912710638+3522.2527564229745j', '-27370.963613318385+3522.2527564229745j', '-25529.2744650960', '-26453.93841693316+3522.2527564229745j', '-25459.927179601505+3522.2527564229745j']"
f20ffedc,"['4386', '4935', '12581', '4593', '5008']"
f7fe4cd5,"['29999.2560197420', '76.0436837870924', '46.2046442211935', '-90.1354125940988', '-296.492214040333']"
aaefbcfe,"['-0.026649718910170053', '-0.03172146340952613', '-0.00713593641289311', '-0.011877575312739233', '-0.05549222065013636']"
ae9aaf43,"['2.434360595277093', '0.2493178123458881', '0.13479282844337925', '-0.08556432875294481', '-0.04668730937698655']"
23a7efad,"['308.20211637903185', '185.78664353037618', '95.37847744164209', '161.55138618020231', '157.6154074317949']"
65ba5398,"['-1805.7816435892134', '-64468.742015918484', '-30999.745098288557', '-87614.27706274774', '-20019.81504455407']"
240736a2,"['-51', '-78', '-42', '-69', '-51']"
279ae7a8,"['7616.396747376987', '93.29434504013211', '149.18672725368464', '98.37097174031253', '151244.94315801738']"
bce823ea,"['-270.358547680229', '-781.672053709684', '-270.691408027099', '-126346.251197369', '-381.562254095934']"
a74bd4cc,"['19.746971970972645', '244.01465808113105', '77.33891193537754', '98.51203247492188', '474.26356238787156']"
01d8e89c,"['-1655787.4571722094', '357218928744.7616', '-20456230.29898613', '-826090.833994347', '2204588.5991314985']"
6b21c8a8,"['-4985', '-4995', '-5005', '-4995', '-4965']"
147ae61c,"['564', '8239', '14190', '3166', '11004']"
4531e0a6,"['18532.919424799293', '22126.239587163465', '22386.718914683937', '18390.549895777734', '20325.617134407214']"
079998e8,"['0.000837967628819053', '0.0015529463866891123-0.0008677449279584378j', '0.000626962551330454', '0.00188356737239543', '0.0021796324411642825-0.0008953175670766836j']"
f0e9ab82,"['72709.77666901998', '-3596.3858580630813', '-2685.07457570518', '-2279.9166855571298', '-3606.0614382051413']"
2d261132,"['0.029939780055918266', '-0.002916318020857645', '-0.009414960534054016', '-0.0003515828024110231', '0.0015195245789567315']"
6050cf6c,"['14572.82318333141', '340521.84986198903', '60115.39028602234', '150321.7748442159', '59692.70739417953']"
cc5d59f6,"['-2832.02531330774', '-342937.0728534989', '72294.62637700328', '-31320.87485220814', '-19524.93760320563']"
6b02d8d2,"['-1890.5924452320116', '-1925.9379675634327', '-1846.395495664137', '2305.5315418484706', '-2607.819088543367']"
c5f973e1,"['21741619', '48436006', '3', '0', '0']"
8dc6ea3e,"['13026.072514219062', '20166.76428813677', '4002.2690564109366', '20181.91359687325', '27584.686333631253']"
84497cb4,"['1446.373462235083', '-4525.611076262815', '1064.7465580320702', '291.58564926642134', '-565.0113627278367']"
38f0e58b,"[0, 0, 0, 0, 0]"
80cafc29,"[0, 0, 0, 0, 0]"
b004d663,"['137126.29073035446', '-41256.04510461779', '225390.00253315593', '1760684.4885419172', '5314.495590704749']"
8f42483b,"['-42.9004602274206', '-51.3251274889824', '-45.6792292875878', '-104.553132534789', '801.746745199651']"
f0469c49,"['-5.509223183168941', '-0.019148755895585668', '-0.012401465460393014', '0.029047924358224717', '0.9553884088897232']"
296b74d2,"['-1334.3442804052884', '-31.9273574212389', '40902.27195533108', '-0.3541473729600697', '10.910581774346726']"
349b451c,"['137', '335801', '9209', '72559289', '335801']"
d8b77cd7,"['258069.64699497438', '-5.396848564397889', '-4333.772789027145', '1.7943293921600403', '19317.983118751945']"
3e71ec71,"['22666.967870098073', '-8.661724667111129', '4.850193857517898', '4.875018607500112', '0.41839985893841103']"
9e798463,"['31.464583552261892', '36.80509449587944', '-0.6526359596378297', '7.227537366600547', '-1.6677718791491958']"
3768aa7e,"['0.367441716606590', '0.36775436133770373-0.003766366264566827j', '0.367691533459315', '0.3664877630530995-0.0027707497540565822j', '0.367916319740734']"
b929ee8c,"['0.24169076973344827', '-0.9654565678513214', '-0.5304972783507292', '0.263177305918707', '0.050458595110892235']"
9d073660,"['3.5557755547822344e-05', '-0.00013314702204045252', '1.6574630771236994e-05', '1.8747862243365668e-05', '0.0001744346755542341']"
40d4850c,"['99485.49510635746', '-3407.487297487648', '-247129.65334094962', '2.949570228515887', '-110344.05529385303']"
cfb34fa7,"['-4457.711325200195', '-4447.518330145991', '-4458.641659487789', '-4470.909124189287', '-4475.469187358695']"
4d977f9f,"[0, 0, 0, 0, 0]"
46e57621,"[0, 0, 0, 0, 0]"
0bf5bb32,"['14745.8507398335', '14112.1516140994', '14262.3544855667', '14803.7881624557', '13397.6327337360']"
f915a4a9,"['780151.2359800575', '3015.3780954871504', '24.188491365681926', '20.999420988117397', '734.5578305099505']"
ce4b9a4f,"[0, 0, 0, 0, 0]"
1ecab6a0,"['1404224.2954515514', '4401228.481627378', '908507.7219947523', '719764.8464746146', '2373075.088286167']"
a8e80fb4,"['2052782.4543967224', '-892.3254383106573', '80177009.1746666', '90027.97375083373', '-3737.602206405207']"
819c532a,"[0, 0, 0, 0, 0]"
aaff42b7,"[0, 0, 0, 0, 0]"
357f2047,"['3.559722837703542', '3.4715601271794836', '3.23060147660515', '2.057107703731755', '1.6522988674063614']"
8806068e,"[0, 0, 0, 0, 0]"
e33a8bf4,"['-4.192589406428256', '-4.4561695959439005', '-4.33888317344922', '-4.614868449143585', '-2.524610738695567']"
9e0c3256,"[0, 0, 0, 0, 0]"
36847a2b,"['0.8344556749341301', '14.6378932007212', '16.292675559104648', '2.3714211503512823', '0.5381921076984124']"
5d5659c9,"['72164.56499810748', '-7727.097846210174', '608.3959312501848', '862057853.9462953', '990.4868719828232']"
2f871ab8,"['-17415188904.13454-5819003032.118196j', '73685076488.9036', '13019601526.8251', '8991117653.65840', '-747444817.8270121-248396137.23521438j']"
6dd6602c,"['-201571928.405209', '3007331.272032231+1301103.4594400693j', '974096185.5537695+239387026.0183938j', '86492625.73520653+25933029.916055724j', '-490724868.392783']"
e3e155c7,"['23120.228861305466', '169422.70897492816', '37729.35555467109', '72445.43607817519', '331759.1799438908']"
e5cf4238,"[0, '12638.42715553611', 0, '14834.715157680837', '22267.503253728966']"
1d78a006,"[0, 0, 0, 0, 0]"
523e950f,"['0.15629902600987192', '-0.3091720754369354', '-0.06934635620812135', '-0.01804178865628877', '1.7237195030431087']"
61de0692,"['-57373.5028903279', '-50523.1202897656', '-54659.4490018600', '-102376.63195309025-38037.63215399139j', '-56106.4124848731']"
e49d5e56,"['-27580.511176072556', '-94137.37902009496', '19181.85415114497', '141393.3026880142', '-3974.5110698122908']"
9b5fdb0f,"['2061.84601915414', '-602.710009380117', '-174.853926193271', '16.7884347996304', '679.071773877843']"
2a084cc0,"['182.10254708339414', '29.59724653408226', '574.5426766768604', '161.17141243050926', '194.84550068412256']"
0c615d47,"['22600.276005762124', '22715.054574345097', '20584.285553105805', '18896.458789617445', '22377.123513734903']"
af86574c,"['46.384331893123814', '4.765563980481924', '4.748682174373583', '3.9200821307095937', '9.411181647915662']"
94a1c28c,"['3.3091033780713066', '1.3645690160606667', '1.3872779455051736', '1.569356486274729', '1.3094464043427791']"
4cb0a132,"[0, 0, 0, 0, 0]"
a61cc11c,"['-2539.725035438705', '-2990.202275620869', '-2676.986763352568', '-5179.52479730808', '-3036.7552740408473']"
9a7ce77b,"['74.32002952053199', '51.09131011842835', '6.163999475235284', '13.149474134662384', '94.19128250594457']"
b2833888,"['-4.4937908448227235', '-20.39156223065081', '-5.831266274291028', '2.318745531793458', '12.51977857624875']"
e43c6d4d,"['148.66732733594182', '76.55852969187087', '2578.4755427418536', '31.085783231216162', '539.2146732681791']"
3ef850f2,"['-178.88502577948694', '-3.3616942459845234', '-129.44671193687233', '8.077110593146926', '-26.684503828320643']"
466f7af4,"['-55', '-83', '-91', '-33', '-71']"
7c7aad44,"['26252.070469820632', '63971.37056241246', '10932.472546904826', '-23667.085092586967', '40157.68339610817']"
3782d25c,"['7.869143204497295', '20.422764488128504', '15.60966951387917', '14.51946384003223', '2.8029553740831545']"
7ba692a9,"['4502.551673829998', '3380.9453745453916', '3168.6347067468528', '-3356.5478735761417', '3679.253166720177']"
9e787905,"[0, 0, 0, 0, 0]"
003a8a73,"['227563.38148627302', '200508.29115680925', '667346.8460279745', '35747.77982601806', '232988.91781618624']"
cc4a1a84,"['244.06889903522216', '-21.933007845046994', '-113.66985031954178', '4.988706777310231', '2605.531297051369']"
82722967,"['46.2432957536128', '37.4398382850655', '215.208160384328', '288.616188523141', '303.601461538560']"
2868d8a6,"['3.247386632383952', '4.414546571876218', '1.6265324292662358', '4.712635963662028', '4.756377982447455']"
d53fd512,"['16291.0995148084', '356.8264166304302', '78.72526378790167', '715.4042602244771', '38.64771169090938']"
c42be623,"['-2.96081869926573', '-0.5998027506535524', '-29.593304330736846', '-15.720254076354479', '-1.4544978175047043']"
a0c247ab,"['0.03030629118727089', '0.018119780961724258', '1.925649122837434', '0.08217660701650084', '0.5302147468964492']"
ef474ce6,"['234.85720610810301', '-72.47786950824862', '-1.2860676173261236', '-1.9294249532452759', '1.7493636760358453']"
09032b60,"['8.6594092478767', '11.651758294263582', '12.641362547543833', '20.805253226882062', '-46.69674359116823']"
28e1a6ca,"['nan', '1.8619213520963704', '-0.06206649700622721', 'nan', 'nan']"
21df81b6,"['7105.62475403595', '7105.803774406567', '7156.42938569522', '13498.59477860975', '7140.870391283121']"
0e30b607,"['-198.506293717194', '-605.562249119439', '-556.277628817303', '-598.9975819192523+0.005291402754001121j', '4210.91972184206']"
eeed9f9f,"[0, 0, 0, 0, 0]"
55e518a2,"['-8800.62951222217', '282108.4968061116', '27523.413544463227', '667.3652138198851', '193618898.54400784']"
4ece9a7a,"['229.759878187356', '4.80446084059432', '-1862.44555547257', '3853.98397156931', '-72708.7975745895']"
604b637b,"['-31623.5121750202', '2383.07743199706', '-2884.49168326888', '76791.4131531386', '-130907.556585093']"
012002ad,"['343313.59089497203', '533008.5094570741', '19087.515703286535', '-96621.61385254239', '-351585.50613612845']"
e0237236,"['-344992.2191777952', '134589.58586821455', '2140.438978747726', '291661.31307669607', '242527.70137929975']"
0cf0c7a2,"['317.32145728691444', '574.9903815461818', '-549.6953995683003', '-985.9835110716941', '595.2721839645726']"
d4f206d3,"['1.5478215038214744', '559.8989108444748', '198.8614923816675', '-2659.127702890383', '-173.93101968640798']"
0a345ce5,"['1442.2984269495919', '-16.98448949247211', '2.1804580138500853', '2.2045052372777683', '166.68316318819743']"
e7c081fc,"['39885.579192818856', '-549586.7896143104', '-337667.89417364437', '-29647.52252129619', '355955.9202677839']"
957e654f,"['51.95014983911054', '-24.391421890634145', '-4030.427674086348', '0.01808638617443635', '872.9321470270907']"
18736111,"['9.260843612784427', '3166.399940598804', '7.508679767534044', '4.175405373380411', '472.5092379625457']"
e0999d74,"['-184987.25648720472', '-1525614.2311110536', '-1012531.3155500396', '-5596676.667204844', '-1861410.4400261817']"
3be2fa0f,"['22.0045077075312', '128.972248843116', '27.9512915670944', '6.74904675670995', '-243.524615779642']"
d43293f8,"['69.57900324610087', '1.5066024243110976', '0.09260745487734343', '0.05170740729000399', '17.57220522393717']"
33ad6dea,"['-4975.98304633686', '-3156.81208918590', '-4434.81558970332', '-4776.08037119078', '64661.4316426399']"
95dc7aa0,"['104450.755225287', '22632.4751408065', '560004.843479547', '-398367.188031460', '51737.7254419141']"
37cd7156,"['123.67312487869926', '74.22371000569241', '15.719639108336374', '9.961564363521465', '59.39049757811815']"
f8b59826,"['-2068.5108701450695', '-1893.3401391570967', '-2057.939614170414', '-2064.188238319992', '-1682.243769943444']"
dc2019c7,"[0, 0, 0, 0, 0]"
80b80a95,"['242.59007886607498-230.6401001564536j', '688.726122496727', '138.61392905203192-129.03416424538352j', '312.826761731716-530.7534000754631j', '2825.66685996493']"
21258dfb,"['-1227.8139014841', '89.85716541116301', '-84.40268673466161', '112.21812483282682', '-258.23945613422126']"
46a58688,"['30.697306278418402', '563.6375705515353', '-284700.95513208583', '-0.4279663394663555', '2152.7481358437644']"
24551be2,"['-23729948.12460704', '-13643402.269941911', '-566561.5054876319', '-784244.8809470652', '1929725.9096725832']"
2cc2fb34,"['-1', '25', '49', '-24', '23']"
f0122617,"[0, 0, 0, 0, 0]"
2630da53,"['234.4289860139491', '93.58443828230233', '182.77471788685358', '57.82239209338661', '81.39997768298898']"
26933e55,"['-3818783088452.209', '-3065.600013739918', '-219290.62309699162', '-1922.6192121105053', '6278.640525387939']"
0b496894,"['-10.270124989516885', '10.359312450907188', '66.44761421601689', '4.60852979566433', '-47.29895732067456']"
e66f01a2,"['16.14380383342048', '38.10574715396415', '647604.5170230274', '-124.75655875374557', '262425.1871706051']"
f25c1413,"[0, 0, 0, 0, 0]"
81e35ce8,"['-0.3171851092961586', '-3.0297564013779326', '-6.970889157991998', '1.14009783499575', '-41.00484540768031']"
3561380a,"['114.77236571521911', '117102.73750248166', '13.038004268084507', '118.52545602236333', '173.06751362575326']"
2331c377,"['3894.2790901056487', '3595.0126807727224', '3603.63922431678', '6535.524421228818', '3603.334505827199']"
bc319991,"['960', '-2110', '-2329', '375', '-2096']"
35d70447,"[0, 0, 0, 0, 0]"
94362191,"['-145.3612520626133', '22.41483692112699', '54.52519935813172', '-47.970649993273', '170.9155256052175']"
bb47f208,"['8136827370.275597', '1066882576.032101', '413882311.83779645', '77496818323.78934', '-2003220059.9975483']"
8dfb39dd,"['573773.4749897731', '1812.683950896997', '10970.297683928322', '114608.53080793987', '3050808.1580108455']"
455bf0a4,"['-585075.09536298', '834.5975270104046', '543.5781105262055', '-10965084.555378651', '2955.8279007363785']"
337c576e,"['17.70029291273161', '18.35119143390847', '32.675710670476235', '863.2757808127066', '0.3438444787696147']"
657d116c,"[0, 0, 0, 0, 0]"
cc27287d,"['9.532720826065676e-06', '0.6153382246191648', '0.01390062272352882', '6.982103854463019e-07', '4.9230830053750285e-06']"
dfa06892,"['3175.0', '-924.0', '-2444.0', '-2592.0', '-929.0']"
3225b8ec,"['160', '76', '129', '165', '78']"
75159384,"[0, 0, 0, 0, 0]"
96bb0279,"[0, 0, 0, 0, 0]"
4d7ff450,"['-3.49960115965282e+100', '0', '0', '-2.03948981307579e+587', '-1.51461293802434e-28']"
44446c5b,"['-3333695.3859568434', '46957464.325739734', '32311224.799992938', '44337941.75050741', '-9224853.040049482']"
4952aee4,"['-7583667751', '226273', '43538', '124214', '392092']"
5246a69b,"[0, 0, 0, 0, 0]"
3811cde8,"[0, 0, 0, 0, 0]"
8a106c2d,"['-1490.5211868834292', '904.2024988111035', '-1377.3119773988717', '-366.40101163417694', '-4745.408568824123']"
8e22ce14,"[0, 0, 0, 0, 0]"
08379519,"['-2229', '23209', '-19662', '12611', '12288']"
37cb1174,"['-3342.473372920464', '58.51194414635404', '-4214.333679568837', '1590.836669076683', '-2921.7836523707574']"
29d8c695,"['10924631.0395956', '241.303279195880', '1212142.53336677', '957448.172593485', '20230.7253119433']"
be023ebc,"['61444.419309867524', '-11708.253953705569', '-23691.278974823406', '-9836.366341415918', '-4532.731752098985']"
ae7a28fe,"[0, 0, 0, 0, 0]"
bd4cad3c,"['1.0359286527682632', '1.0323154245415473', '1.0206291352944508', '1.0345648019403897', '1.0303646510766493']"
18249468,"['5.025316115795539', '5.4761813911044115', '2.237408388767143', '1.8482548050575054', '3.766718150897992']"
6f8ec81d,"['-15.271279813443417', '42.433953038171126', '-8.845781612147542', '-14.742119471815236', '-14.588325654019403']"
aad709cd,"['94.05978392187738', '121.57765809758224', '48.65030204239338', '62.630773355788236', '106.92734470299159']"
c915873e,"['7239.1637088369735', '5988489099.917726', '40391.80831859585', '40022.013828663534', '18598.49348779052']"
116217d5,"['179.69160276952272', '-16.937571207869297', '-69.7339895323688', '2985.154088241378', '-1198.0708489728688']"
d14bfbb6,"['-7514.848032757755', '-6341.880440170927', '-4770.079845514192', '-3782.7551643901397', '-2326.4810577412786']"
c975070e,"['209908.9299854409', '-52591.78985458922', '-351683.44233484636', '-1125508.8967891878', '-15667.021518138803']"
10cc5e31,"['-5767.835595411239', '-15470.635481522906', '-11738.315282185029', '-28134.282269662912', '-50231.47807043352']"
caf76680,"['-51123.978629448146', '61435.33117647454', '496416.46031151875', '133656.31362796205', '673788.3942104685']"
38540f82,"['-0.020171984282785993', '-12.606201066484747', '1801.026718117799', '-21.079252542152783', '-4.04157914102164']"
971617c5,"['3.332586220424449', '3.014535560798662', '0.9531434401165675', '3.41808699381494', '3.4047490475659745']"
dc7b35a7,"['5.648240906505238', '64.42483475531289', '-8.943877412436946', '3.7200803039274715', '4.59913660226733']"
f0e4547d,"['18.66649725524821', '3.3850122110451304', '-3.0729119501132933', '-1.1013081956975996', '1.902655108030538']"
51b3f133,"['53678.34515192219', '236248.57251717665', '-52305.03544991905', '52708.09053635752', '203509.728819128']"
cdaf5ead,"['-0.6252684152261485+0.2490541901270348j', '-0.722932070085731+0.2576329679429634j', '29.0765940314008', '-0.938964151197097', '-0.3168531871035509+0.14332849249926735j']"
36467378,"[0, 0, 0, 0, 0]"
6c6dbf4d,"['1.5363472350308418', '1.2827482743186673', '1.4025711686885278', '1.583352290295672', '1.519112252798636']"
17e0c8be,"[0, 0, 0, 0, 0]"
ba561de8,"['36756598649.17558', '56126137718.838646', '8517530109716.834', '1464018712.90334', '651314707234.2814']"
e5db8db8,"['13022.024296267962', '53454.42465162413', '18638.58748369049', '35538.12156252559', '31699.658635429165']"
f78afa74,"['219805.67886957177', '6440.31626708249', '1095706.664385538', '4553657.106563492', '104125.03436887']"
4eda4727,"['4301.220669283217', '5504.849692056331', '20082.511125716625', '41669.54731702237', '4885.69133999668']"
4f5bd0aa,"['1652613917.2818782', '-110886421.93872678', '161901674.16364545', '3374996857.864331', '216804111.49129516']"
17d2d885,"[0, 0, 0, 0, 0]"
410cf20f,"['-0.004063754237867359', '-0.002793193279911414', '-0.00013004382541203507', '-0.0031029721300816337', '-0.0019758350297043167']"
91d28f4e,"['14.812564281412353', '19.258459433095332', '-0.16289038227283825', '34.32199470502028', '1.2416765563089625']"
ce6d97c7,"[0, 0, 0, 0, 0]"
d3baf74e,"['388545.6003790091', '90522.17703937566', '38551.36221541207', '907294.8319331871', '20024.571879712577']"
4695453f,"['-20812.917041543486-6928.797688681405j', '-18213.093270013494-6928.797688681405j', '-24133.9208055288', '-10974.5396382994', '-19514.1127207334']"
2fb52b74,"['50', 0, 0, '129', 0]"
58ab07a0,"['15442.921225389879', '29570.361941264935', '-4136.805331127989', '3234.285269373478', '9199.964867950504']"
8b3ad018,"['-283497.2710461975', '-76665.75026914594', '24288.8462290044', '42606.39609339447', '85474.178251286']"
10d6f2d2,"['10.67438041800041', '2.4688391264831004', '11.345343089379789', '13.276255704701486', '9.389509895300506']"
f546d35d,"['141.05991733636247', '6.563405219225794', '45.996445563564365', '79.66759996063105', '60.88421625118433']"
04f72404,"['1437137.9469585363', '4760320.608227437', '4477798.4171583215', '8524.234131366433', '99.38787208313954']"
3923a1ec,"['6699.66687798352', '38.18779408130532', '6.0993004106053945', '3308.9540848756387', '-287.7505659392138']"
09cd9fcc,"[0, 0, 0, 0, 0]"
ac3c0fd9,"['-43409269625871.07', '-167545677903740.53', '-478715.83554445644', '-433819182.0326132', '436.8009414639097']"
b3a3947e,"[0, 0, 0, 0, 0]"
96f0ce15,"['3853.9999999083966', '3853.999864839212', '3853.9999614897556', '3853.9999998562757', '8.29811168732878e+31']"
f5583c56,"['-65.88623730242212', '13.640633997208452', '111.43159911649569', '-17.585948412217668', '103.53243912153343']"
9fe22f83,"['1757.1507209445306', '1930.052259966793', '1319.6158541218804', '817.8274331747923', '229.66323623380686']"
c7b32ff4,"['15.310423114480448', '18.371221392103998', '15.200387697412879', '6.135126288015159', '8.261915785429764']"
885f625c,"['0.0018721429426269275', '-0.04547130688458602', '-0.004396357454810254', '0.00030838839063898626', '-0.6038690951008672']"
1cde1b30,"['25521.7035932780', '22329.1410098758', '26024.9589976851', '22712.6665148709', '26006.4181257492']"
07e10441,"['-19033.74174139969', '63.42031658492724', '-0.12204049423187356', '-5.439582272492426', '-0.5773688160303228']"
fe14b7cb,"['31038.30433974269', '21671.58140774976', '-1452.2664968657111', '381.71587647766887', '12657.701137054126']"
84c376b1,"['8.529337467092521', '-9.815771121005943', '0.9394398127347449', '12.519047047836203', '1.327935616166183']"
33c0f218,"['7980318119.167149', '541909650.7566277', '-18704348161.386497', '27293008294.085346', '14175962383.317211']"
3be35fa5,"['22326.57636112854', '23688.955235061923', '24028.566079234723', '21272.83918179228', '21915.335386524854']"
4038ad0e,"['343203.875622516', '686.186908276107', '177252.046459562', '48059.4049676928', '453137.211576856']"
bb623689,"['-16', '-29', '-56', '-41', '-16']"
366341c9,"['-28060.38448190604', '-1413.16478064234', '-86966.66954680931', '-17237.653135709843', '464278.81849040545']"
2d7b14fc,"['-4511.939462870821', '-4494.314473034486', '-4467.220930451765', '-4443.322546815126', '-4461.086020968172']"
b0b097f2,"['71.20676363111782', '25.1554756801808', '143.28015015122014', '98.56394493282669', '51.426264640553384']"
20bfaea8,"['9.74681127126337', '8.74432943358857', '63.0423289381507', '21.0844005556191', '34.9090972384967']"
955990c1,"['-3810859.7400897453', '6076196504.690495', '1552582446.4205818', '-6032339.15830567', '1884009142.4817104']"
9a7388fb,"['-93576.5977121003', '11919.665834918409', '-6426.618677664704', '-38778.096066961254', '10557.346331773235']"
71cd6881,"[0, 0, 0, 0, 0]"
4f641848,"['-1046.6419234339842', '-2066.0851450868486', '-134666.8029284374', '2.0257369371746354', '-73669.02959867784']"
5924c9be,"['-2350833.547082042', '-2601950.668813062', '-3117963.2286250126', '-2206241.7747968226', '-2507651.1122295978']"
fa000e78,"[0, 0, 0, 0, 0]"
a491b4a3,"['1004912.764526449', '579166.7824762819', '86404.6098409344', '17444.284681196237', '569741.1022031622']"
d0397caf,"[0, 0, 0, 0, 0]"
89e39025,"['186.45028287315378', '18.054829622806487', '26.333835798242227', '-1.1117891767660701', '-2.813060800340045']"
6eb1ad8d,"['3.447681053638492', '1717.9849941766938', '6.717906039056813', '21941.205501237357', '2.894723929305494']"
c4ef466d,"['85.3672861822001', '359699085.4826222', '979.7389032202193', '-88.07102340257102', '2279211.4677750226']"
3e1a2e1a,"['0.8889830736190457', '0.975587456281591', '0.6355780299782844', '0.9879302251408628', '0.8879663709004303']"
9af587b9,"['28446.30868245626', '7190.011882053993', '2105.3264611914915', '14.32500756814991', '72.73099100082669']"
2e56c00a,"['2919.1323639027833', '-14110.050734817982', '-7484.177811535938', '-5985.17136327701', '854.192603889186']"
23519549,"['5264.87394588126', '38763.1516054853', '4360.65040863401', '10735.7831913766', '11369.5958798654']"
002db5a6,"[0, 0, 0, 0, 0]"
c144c7ba,"['-105.15230499888548', '514878.5741946981', '43.18056679055101', '243794.52200567097', '137.31574513348164']"
aebc0f82,"['6.8268678947233274', '-1.0929476947832875', '7.592791280450628', '-2.669221408211618', '0.15782178310176695']"
bbb293c4,"[0, 0, 0, 0, 0]"
480cd005,"['333360.1654172111', '3469010825.33215', '1582374017.5059369', '8391983.163033163', '-46403.16658895627']"
ae99af15,"['-1010.0', '-1010.0', '-1010.0', '-3250.0', '75.0']"
bb704ffb,"['6231', '-27351', '-5183', '-6681', '-10251']"
f2dd1ebc,"[0, 0, 0, 0, 0]"
885937d5,"['-0.02260000444693407', '-0.0038517936805146378', '0.015012519378299422', '0.0054072387809035215', '-0.003364381749069502']"
025845d6,"['2646.12308749775', '-22641.47748305879', '27800.197152441695', '-26449.30168308919', '-4402.410630504363']"
da4b7bef,"['0', '0', '0', '0', '0']"
46e1efb8,"['45.66340991819179', '13818.809577175512', '20009.975295355198', '23371.553170873507', '18822.552953338523']"
62e009da,"['159.98005205760506', '931.3959963641437', '438.48425753826433', '61.90326657658551', '404.5701906698392']"
6b545a8c,"[0, 0, 0, 0, 0]"
facc0a78,"['7', '-40', '-29', '13', '28']"
1d8ccd3c,"[0, '18674.11182014226', 0, '22162.547051378988', 0]"
d099163b,"[0, 0, 0, 0, 0]"
ed34c60d,"['-6469.0964814585395', '-3328.3948304466103', '527095.5972280531', '7856.354167979037', '403773088.1137754']"
84b966fb,"['0.8175005305063928', '0.864229768678984', '0.8809325395160456', '0.8410203772048122', '0.8677577191007463']"
59d27c23,"['-563759.5853900751', '-7764531.378267637', '-5653813.776682705', '-726216.1886864024', '-2870343.873166683']"
